Datetime,Tweet Id,Text,Username,total_length_characters,total_count_words,Sentiment,Length,Word_counts
2022-03-19 23:59:59+00:00,1505333292740096000,ukrain ukrainerussianwar russia ukrainewar russianukrainianwar ukrainewar kyiv des respons ukrainien dÃ©clarent que les forc russ se regroup et se prÃ©parent pour une nouvell offens sur kiev ,FreeFrance,189,26,0,189,26
2022-03-19 23:59:29+00:00,1505333165514129408,madmen timeforrussianmotherstotakeov russianukrainianwar foxnew ,boomer_sa,64,4,0,64,4
2022-03-19 23:58:30+00:00,1505332921892327424,video show part battl chechen forc fight ukrainian forc mariupolukrain ukrainewar  ukrainerussiawarrussian kiev mariupol kharkiv russianukrainianwar russia ,jouhinanewssy,156,17,0,156,17
2022-03-19 23:54:23+00:00,1505331882392788992,ukrain Î¿Ï…ÎºÏÎ±Î½Î¯Î± ukrainewar russianukrainianwar russia ukrainerussianwar ukraineunderattack usa ,Who0066,95,8,0,95,8
2022-03-19 23:53:40+00:00,1505331702259986437,behind scene look ukrain war movi russianukrainianwar ukraineï¸ war russiaukrainecrisi russianinvas ,_iGetzItKraken_,99,11,-1,99,11
2022-03-19 23:53:17+00:00,1505331608609595395,mariupol russian foreign journalist help remov serious ill elder woman destroy houserussiaukraineconflict russianukrainianwar ukrainerussianwar russia kiev ukrain kyiv mauripol  kharkiv  kharkov  nikolaev ,EliasMezaCota,205,22,-1,205,22
2022-03-19 23:50:43+00:00,1505330962900881408,one best idea russianukrainianwar ive heard ,itsmrgamer,44,6,1,44,6
2022-03-19 23:49:34+00:00,1505330671887130628,russian internet joke â€œwe enter day  special militari oper take kyiv two daysâ€ russianukrainianwar putinswar,SteveRamirez,108,15,1,108,15
2022-03-19 23:48:47+00:00,1505330476206235655,flag ğŸ‡·ğŸ‡ºğŸ¦…donetsk peopl republ rais mangush volodarski russiaukraineconflict russianukrainianwar ukrainerussianwar russia kiev ukrain kyiv mauripol  kharkiv  kharkov  nikolaev ,EliasMezaCota,174,18,0,174,18
2022-03-19 23:48:42+00:00,1505330453364211714,russianukrainianwar russiansoldi sasha dolkin reconnaiss   vdv regiment ,RF200_NOW,72,7,0,72,7
2022-03-19 23:47:07+00:00,1505330056616456195,one countri order meal ampthen tri forc rest world split bill lol that  accur descript what go onğŸ‘Œukrain Î¿Ï…ÎºÏÎ±Î½Î¯Î± ukrainewar russianukrainianwar russia ukrainerussianwar ukraineunderattack usa china ,Who0066,199,26,1,199,26
2022-03-19 23:43:18+00:00,1505329094208065536,russianukrainianwar explain one cartoon ukrain ,OTR444,47,5,0,47,5
2022-03-19 23:42:50+00:00,1505328977337937923,ukrainerussianwarrussianukrainianwardeadrussiangener x ,Sky_Islander,55,2,0,55,2
2022-03-19 23:42:15+00:00,1505328831489458177,someon pleas explain bulgaria nato ukraineï¸ isn't ps don't give â€œcorruptionâ€ crap russia russian russianukrainianwar ukrainerussianwar,JWC16908259,134,16,-1,134,16
2022-03-19 23:41:12+00:00,1505328568200478725,sbarchi migliaia dallafrica e la linea di draghilamorgeseguerini non cambia poi non soprendetevi se la maggioranza silenziosa simpatizza con putin e lo vede come un liberator luomo grado di ripulir la stalla russia russianukrainianwar draghivattenesubito ,vitto_erre,255,35,0,255,35
2022-03-19 23:37:57+00:00,1505327749313007621,captur kyiv militari analyst say requir violent bloodi conflict could world largest urban battl  yearsrussiaukraineconflict russianukrainianwar ukrainerussianwar russia kiev ukrain kyiv mauripol  kharkiv  kharkov  nikolaev ,EliasMezaCota,223,25,-1,223,25
2022-03-19 23:36:14+00:00,1505327317568032768,feel like pixabay tri tell someth ğŸ¤”but that case what pexel sayingwarofthestockimagesitesukrainerussianwar ukrainewar russianukrainianwar ,mikepumfree,138,14,0,138,14
2022-03-19 23:34:54+00:00,1505326982606860295,Ã¨ la vostra propaganda battent che Ã¨ inefficac democratico nascondet lorror della societÃ  multirazzial e vi invent migliaia di morti nell cittÃ  dellucraina non riuscit convincer un singolo conservator parlat ai vostrirussianukrainianwar stop liber ,vitto_erre,248,34,-1,248,34
2022-03-19 23:32:05+00:00,1505326272704094215,ukrain futur direct Ğ²Ñ–Ğ¹Ğ½Ğ°Ğ²ÑƒĞºÑ€Ğ°Ñ—Ğ½Ñ– russianukrainianwar stopputinnow standwithukrain ,OlyaVoloshyna,83,7,1,83,7
2022-03-19 23:31:16+00:00,1505326064914124802,elcomercioperu ğŸ§ğŸ‡ºğŸ‡¦ğŸ‡·ğŸ‡ºğŸ‡ºğŸ‡¦ misil hipersÃ³nico ruso kinzhal golpea un depÃ³sito de municion ucranianorusia ucrania russianukrainianwar ,cgchamochumbit,128,14,0,128,14
2022-03-19 23:29:37+00:00,1505325652299464707,uncensor ukrainea messag governor kievklitschkoth blood hand toorussianukrainianwarstoprussianaggress stopputin stoprussia slavaukrain stopthewar ,UkrainePressOrg,146,12,0,146,12
2022-03-19 23:28:21+00:00,1505325331351150595,âš¡ï¸artilleri shell warehous build paint varnish product sumi caught fire info victim moment  state emerg servic ukraineputin standwithukraineï¸ russia russian russianukrainianwar ,Helll000000,177,21,-1,177,21
2022-03-19 23:26:56+00:00,1505324973921120256,Ù‡ÙŠØ¦Ø© Ø§Ù„Ø£Ù…Ù† Ø§Ù„ÙÙŠØ¯Ø±Ø§Ù„ÙŠ Ø§Ù„Ø±ÙˆØ³ÙŠØ© ØªØ­Ø°Ø± Ù…Ù† Ø®Ø·Ø± Ø§Ù†Ø¬Ø±Ø§Ù Ø£Ù„ØºØ§Ù… Ø¨Ø­Ø±ÙŠØ© Ø£ÙˆÙƒØ±Ø§Ù†ÙŠØ© Ø¨Ø§ØªØ¬Ø§Ù‡ Ø§Ù„Ø¨ÙˆØ³ÙÙˆØ± ÙˆØ§Ù„Ø¨Ø­Ø± Ø§Ù„Ù…ØªÙˆØ³Ø·shahidvip endthesiegeonyemen russianukrainianwar ufclondon ad,BnshKhaled,160,19,0,160,19
2022-03-19 23:26:33+00:00,1505324880840953856,drop doozey snoopdogg amp octob london benefit ukrain refuge raribl  nfts left floor price  eth  russianukrainianwar charitynft  ,Sir_Gadfly,129,17,0,129,17
2022-03-19 23:25:37+00:00,1505324646006149127,cnn report russian cruis missil shot north kyivrussiaukraineconflict russianukrainianwar ukrainerussianwar russia kiev ukrain kyiv mauripol  kharkiv  kharkov  nikolaev ,EliasMezaCota,168,18,0,168,18
2022-03-19 23:20:14+00:00,1505323291778904071,intercept convers russianmilitari motherwer expend wrote refus fightrussia russianukrainianwar russiansoldi ,KatyaMK26,108,10,0,108,10
2022-03-19 23:19:31+00:00,1505323108105961473,russianukrainianwarthi thermobar missil capabl shockwav see around explos essenti vacuum hotspot â€” air suck temperatur skyrocket  burn anyth vicin insan temperatur ,emmmtrader,164,21,-1,164,21
2022-03-19 23:17:14+00:00,1505322536388771843,russianukrainianwarbreak accord onlin report russia start use thermobar rocket  ukrainian militari amp nazi battalion posit ,emmmtrader,124,15,0,124,15
2022-03-19 23:17:07+00:00,1505322507158450176,mklenger musketanna look care you'll realiz mean war sovereign state yugoslav war state collaps russianukrainianwar largest conflict nation europ sinc ,hurt_chinese,151,20,-1,151,20
2022-03-19 23:15:32+00:00,1505322107151941633,drbrianmay saw video made ukrainian soldier sing version we rock you ukrainian russianukrainianwar,Windemere22,98,13,0,98,13
2022-03-19 23:15:05+00:00,1505321993385791489,uncensor ukraineoffens newsfootag report show ukrainian arm forc  uragan mlrs fire russian posit march   unknownrussianukrainianwarstoprussianaggress stopputin stoprussia slavaukrain stopthewar ,UkrainePressOrg,194,19,0,194,19
2022-03-19 23:14:14+00:00,1505321778935181313,la russia utilizza missili ipersonici per colpir lucraina probabilment usciti da qualch base migliaia di km di distanza la stessa che si sentiva minacciata dallavanzata della nato era una scusa pueril benaltristi del cazzo russianukrainianwar,smaciocchi,242,35,-1,242,35
2022-03-19 23:14:00+00:00,1505321722546950146,video battl ukrainian siderussiaukraineconflict russianukrainianwar ukrainerussianwar russia kiev ukrain kyiv mauripol  kharkiv  kharkov  nikolaev ,EliasMezaCota,147,14,0,147,14
2022-03-19 23:13:41+00:00,1505321643136200712,whatev thing brexit least uk need asham part eu whos unableunwil react properlyeffectivelyrussianukrainianwar shameoncollabor,meganis1248,125,14,-1,125,14
2022-03-19 23:11:23+00:00,1505321060534792195,germani franc support russia humili ukrain part natothi explain part nato inabl react war crimesth question what use pactwhat countri shall sold nextrussianukrainianwar shameoncollabor,meganis1248,184,24,0,184,24
2022-03-19 23:09:57+00:00,1505320703091888133,swarabhask ukrainerussianwar russianukrainianwar ,kkgpandey_GP,49,3,0,49,3
2022-03-19 23:09:36+00:00,1505320612775956482,ãªã‚“ã§æˆ¦äº‰ã‚’æ­¢ã‚ãªã„ã®ã‹ãªâ€¦äººãŒæ²¢å±±æ­»ã‚“ã§ã„ã‚‹ã®ã«â€¦äººã®å‘½ã‚ˆã‚Šå¤§åˆ‡ãªã‚‚ã®ã¯ç„¡ã„ã‚ˆæ¨©åŠ›ã®ç‚ºã«ã€äººã®å‘½ã‚’çŠ ç‰²ã«ã™ã‚‹ã®ã¯é–“é•ã„ã ã‚ˆãã‚Œã¯é–“é•ã„ã ã‚ˆâ€¼ï¸russianukrainianwarsavethepeopl nowar ,babychef_mobi,110,2,0,110,2
2022-03-19 23:09:23+00:00,1505320559877533704,volunt go ukrain die run away iraq afghan war experi best stay belong bidenisalaughingstock afghanmus vladimirputin russianukrainianwar russianukrainiancrisi ,Jimi902100,158,18,1,158,18
2022-03-19 23:09:03+00:00,1505320473676165122,ğŸ‡ºğŸ‡¦granni poison ğŸ‡·ğŸ‡ºsoldier dumpl ğŸ˜¯appar ğŸ‡·ğŸ‡ºarmi starv old ğŸ‡·ğŸ‡ºstrategi auster soldier thus forc ruthless dont attack dont eat russianukrainianwar russia,notitia_aeterna,148,20,-1,148,20
2022-03-19 23:08:55+00:00,1505320440876699655,germani franc sell ukrain putin oil gasto think countri consid leader eu repres european valueswhatev valu decenc respect human among themrussianukrainianwar shameoncollabor,meganis1248,173,22,0,173,22
2022-03-19 23:08:33+00:00,1505320350963441665,ğŸ‡·ğŸ‡ºğŸš€alleg video kinzhal hyperson missil ukrainerussiaukraineconflict russianukrainianwar ukrainerussianwar russia kiev ukrain kyiv mauripol  kharkiv  kharkov  nikolaev kinzhal ,EliasMezaCota,175,17,0,175,17
2022-03-19 23:08:32+00:00,1505320345192079366,Ğ²Ñ‹ Ğ½Ğ°Ğ¿Ğ°Ğ»Ğ¸ Ğ½Ğ° ÑÑ‚Ñ€Ğ°Ğ½Ñƒ  Ğ±ĞµĞ· Ğ¿Ñ€Ğ¸Ñ‡Ğ¸Ğ½Ñ‹  ÑĞµĞ¹Ñ‡Ğ°Ñ Ğ²Ñ‹Ğ¼Ğ¸Ñ€Ğ°ÑÑ‚ Ñ€ÑƒÑÑĞºĞ¸Ğµ Ğ»ÑĞ´Ğ¸  Ğ¿Ğ¾Ñ‡ĞµĞ¼Ñƒ ÑÑ‚Ğ¾  Ğ¿Ğ¾Ñ‚Ğ¾Ğ¼Ñƒ Ñ‡Ñ‚Ğ¾ Ñ‚Ğ°Ğº Ñ…Ğ¾Ñ‡ĞµÑ‚ Ğ¿ÑƒÑ‚Ğ¸Ğ½  Ñ‚Ñ‹ÑÑÑ‡Ğ¸ Ğ»ÑĞ´ĞµĞ¹ Ğ³Ğ¸Ğ±Ğ½ÑƒÑ‚ Ğ¸Ğ·Ğ·Ğ° Ğ½ĞµĞ½ÑƒĞ¶Ğ½Ğ¾Ğ¹ Ğ²Ğ¾Ğ¹Ğ½Ñ‹  Ğ¿Ñ€ĞµĞºÑ€Ğ°Ñ‚Ğ¸Ñ‚ÑŒ Ğ²Ğ¾Ğ¹Ğ½Ñƒukrain zelenskyyua ukrayna russianukrainianwar kremlinrussia,ardasemiz1,221,29,0,221,29
2022-03-19 23:06:59+00:00,1505319956606427140,Ø±ÙˆØ³ Ù†Û’ ÛŒÙˆÚ©Ø±ÛŒÙ† Ù…ÛŒÚº ÛØ§Ø¦Ù¾Ø±Ø³ÙˆÙ†Ú© Ù…ÛŒØ²Ø§Ø¦Ù„ Ú©Ù†Ø²Ø§Ù„ ÙØ§Ø¦Ø± Ú©Ø±Ø¯ÛŒØ§ Ú©Ù†Ø²Ø§Ù„ Ù…ÛŒØ²Ø§Ø¦Ù„  Ø³Ù¾Ø±Ø³ÙˆÙ†Ú© Ø§Ù†Ù¹Ø±Ø³ÛŒÙ¾Ù¹Ø± Ø·ÛŒØ§Ø±Û’ Ú©Û’ Ø°Ø±ÛŒØ¹Û’ ÙØ§Ø¦Ø± Ú©ÛŒØ§ Ú¯ÛŒØ§ Ø§Ø³ Ù…ÛŒØ²Ø§Ø¦Ù„ Ú©ÛŒ Ø±ÙØªØ§Ø± Ø§ÛŒÚ© Ù„Ú‘Ø§Ú©Ø§ Ø·ÛŒØ§Ø±Û’ Ø³Û’ Ø¨Ú¾ÛŒ Ø²ÛŒØ§Ø¯Û ÛÙˆØªÛŒ ÛÛ’ Ø¬Ø³Û’ Ø±ÙˆÚ©Ù†Ø§ Ù†Ø§Ù…Ù…Ú©Ù† ÛÙˆØªØ§ ÛÛ’russianukrainianwar,naveedaslam1978,211,36,0,211,36
2022-03-19 23:06:31+00:00,1505319838553673732,amount former pms european politician work today russian oilga sector rais question loyaltyagendait serious investigatedrussianukrainianwar shameoncollabor,meganis1248,155,16,-1,155,16
2022-03-19 23:05:13+00:00,1505319509770616832,blm âœŠğŸ¾ russian prison ğŸ‡·ğŸ‡ºğŸ‡·ğŸ‡ºğŸ‡·ğŸ‡ºğŸ‡·ğŸ‡ºğŸ‡·ğŸ‡ºğŸ‡·ğŸ‡ºğŸ‡·ğŸ‡º istandwithrussia russianukrainianwar alllivesmatt blacklivesmatt,DrMarkusPhD,101,9,0,101,9
2022-03-19 23:04:23+00:00,1505319299174612999,merkel creat immigr crisi europeincident germani fed refuge block arrivalit took year german financ polit make today war possiblerussianukrainianwar shameoncollabor,meganis1248,164,20,0,164,20
2022-03-19 23:03:43+00:00,1505319133382160390, Â° day di russianukrainianwar oltr cagliarimilan  sissi celentano tempo per legger il dark romanc bloodi bride la sposa del vampiro disponibil anch grati con kindleunlimit su ,wordsandmore1,175,26,-1,175,26
2022-03-19 23:03:14+00:00,1505319012854648836, Ğ´ĞµĞ½ÑŒ russianukrainianwar Ğ±Ğ¾Ğ¼Ğ±Ğ¸Ğ»Ğ¸ Ñ‚Ğ°Ğº Ñ‡Ñ‚Ğ¾ Ñ€Ğ°Ğ¼Ğ° Ğ½Ğ° Ğ±Ğ°Ğ»ĞºĞ¾Ğ½Ğµ Ğ³Ğ½ÑƒĞ»Ğ°ÑÑŒ Ğ° Ğ² Ğ¾ÑÑ‚Ğ°Ğ»ÑŒĞ½Ğ¾Ğ¼ Ğ¾Ğ±Ñ‹Ñ‡Ğ½Ñ‹Ğ¹ Ğ²Ñ‹Ñ…Ğ¾Ğ´Ğ½Ğ¾Ğ¹ Ğ½ĞµĞ¼Ğ½Ğ¾Ğ³Ğ¾ Ğ¿Ğ¾Ğ³ÑƒĞ»ÑĞ»Ğ¸ Ğ²ĞµÑ‡ĞµÑ€Ğ¾Ğ¼ Ğ¿Ğ¾ÑĞ¼Ğ¾Ñ‚Ñ€ĞµĞ»Ğ¸ Ñ„Ğ¸Ğ»ÑŒĞ¼ Ñ Ğ¿Ğ¾Ğ¿ĞºĞ¾Ñ€Ğ½Ğ¾Ğ¼ Ğ¸Ğ½Ñ‚ĞµÑ€ĞµÑĞ½Ğ¾ Ğ²Ğ¾ ÑĞºĞ¾Ğ»ÑŒĞºĞ¾ Ğ±ÑƒĞ´ÑƒÑ‚ Ğ±Ğ¾Ğ¼Ğ±Ğ¸Ñ‚ÑŒ Ğ¾Ñ€ĞºĞ¸ ÑĞ´Ğ¾Ñ…Ğ½ÑƒÑ‚ ÑĞ»Ğ°Ğ²Ğ° ÑƒĞºÑ€Ğ°Ğ¸Ğ½Ğµ ğŸ‡ºğŸ‡¦ stopwar ukrain,OlgaOlya5623,230,33,0,230,33
2022-03-19 23:02:26+00:00,1505318810915586049, Â° day di russianukrainianwar oltr cagliarimilan  sissi celentano tempo per legger il giallo il detect che amava chet baker disponibil anch grati con kindleunlimit su ,wordsandmore1,167,25,0,167,25
2022-03-19 23:01:56+00:00,1505318683446546432,sholz putin blameit copi hitler blamedespic untru alli didnt find oneman armyon guy didnt execut holocaust kill million destroy europenow also quit boy killrussianukrainianwar shameoncollabor,meganis1248,191,25,-1,191,25
2022-03-19 23:00:00+00:00,1505318199746719748,russian tank attack mariupol ukrainerussiawar ukrainerussianwar russianukrainianwar ,Ukraine_WarVids,84,7,0,84,7
2022-03-19 22:59:27+00:00,1505318060076503040, Â° day di russianukrainianwar oltr cagliarimilan  sissi celentano tempo per legger il fantasi romanc la mietitric di elfi disponibil anch grati con kindleunlimit su ,wordsandmore1,165,24,0,165,24
2022-03-19 22:59:09+00:00,1505317983383695368,report russian belarusian troop could attack ukrain brest attempt cut ukrain western suppliesrussiainvadedukrain russianukrainianwar ,RussiaVsWorld_,133,14,0,133,14
2022-03-19 22:58:35+00:00,1505317841381343232,germani franc keep support putin perhap consum boycott extend russiabelaruscorpor also countriesit may seem unfair corpor could pressur governmentsrussianukrainianwar shameoncollabor,meganis1248,182,20,-1,182,20
2022-03-19 22:58:26+00:00,1505317805574533129,mariupol command  patrol battalion  separ brigad nation guard ukrain lieuten colonel yuriy roy kill dpr sniper russianukrainianwar ukrainerussianwar russia kiev ukrain kyiv mauripol  kharkiv  kharkov ,EliasMezaCota,200,25,0,200,25
2022-03-19 22:57:32+00:00,1505317577697943555,ukrain ukrainerussianwar russia ukrainewar russianukrainianwar ukrainewar la base militair de mykolaev Ã©tÃ© bombardÃ© alor que  soldat ukrainien sy trouvaient  corp ont Ã©tÃ© retrouvÃ© sous les dÃ©combr ,FreeFrance,197,26,-1,197,26
2022-03-19 22:57:23+00:00,1505317539450015745,ukrainian  millon de desplazado standwithukraineï¸ ukraineunderattack russiainvadedukrain putinisawarcrimin stopputin russianukrainianwar Ğ½ĞµÑ‚Ğ²Ğ¾Ğ¹Ğ½Ğµ Ñ€Ğ¾ÑÑĞ¸ÑÑĞ¼Ğ¾Ñ‚Ñ€Ğ¸ Ğ±ĞµĞ»Ğ°Ñ€ÑƒÑÑŒ ,parrietarex,168,13,0,168,13
2022-03-19 22:57:06+00:00,1505317468415438848,kremlinrussia asesino putin russianukrainianwar russia stopputinnow,loa_82,67,6,0,67,6
2022-03-19 22:55:23+00:00,1505317037425496064,destruct underground hangar highprecis missil strikerussiaukraineconflict russianukrainianwar ukrainerussianwar russia kiev ukrain kyiv mauripol  kharkiv  kharkov  nikolaev ,EliasMezaCota,173,16,0,173,16
2022-03-19 22:54:37+00:00,1505316842654650376,wonder sholzmacron talk putinlisten vlad solv faster delay sabotag sanction know bad busi cant nuke themi hope paranoid conspiracyrussianukrainianwar shameoncollabor,meganis1248,165,20,-1,165,20
2022-03-19 22:54:07+00:00,1505316717005873153, Â° day di russianukrainianwar oltr cagliarimilan  sissi celentano tempo perlaura ceretamo maioruml donn della storiadisponibil anch grati con kindleunlimit ,wordsandmore1,156,19,0,156,19
2022-03-19 22:53:24+00:00,1505316536382279682, Â° day di russianukrainianwar oltr cagliarimilan  sissi celentano tempo perâ†’ il  marzo  nellambito di crossroad jazz e altro emilia romagna presso il teatro ebe stignani di imola bologna appuntamento con gonzalo ,wordsandmore1,212,31,0,212,31
2022-03-19 22:52:55+00:00,1505316415242485761, Â° day di russianukrainianwar oltr cagliarimilan  sissi celentano tempo perâ†’ il  marzo  nellambito di crossroad jazz e altro emilia romagna presso ridotto del teatro ebe stignani di imola bologna appuntamento ,wordsandmore1,209,30,0,209,30
2022-03-19 22:51:48+00:00,1505316136220610565,german politician ukraineat begin invas sens help youv got hour leftcurr your annoy help ushow despic scumbag elect  centuri european democracyrussianukrainianwar shameoncollabor,meganis1248,178,22,1,178,22
2022-03-19 22:51:43+00:00,1505316114653323265,increas worri verac proverb fair love war  ukrainerussianwar russianukrainianwar wwiii,geogeoplots,86,10,1,86,10
2022-03-19 22:51:37+00:00,1505316090137747457,uncensor ukraineat ralli kherson occupi open fireğŸ¤¬video defens forc commandrussianukrainianwarstoprussianaggress stopputin stoprussia slavaukrain stopthewar ,UkrainePressOrg,157,14,0,157,14
2022-03-19 22:50:44+00:00,1505315867097247757,ğŸ‡ºğŸ‡¦ mm  howitz ukrainian arm forc fire russiaukraineconflict russianukrainianwar ukrainerussianwar russia kiev ukrain kyiv mauripol  kharkiv  kharkov  nikolaev ,EliasMezaCota,159,18,0,159,18
2022-03-19 22:50:18+00:00,1505315756401115139,realli kremlinrussia  want ukrian russianukrainianwar vladimir putin lavrov,Leboldbenaiah,75,8,0,75,8
2022-03-19 22:47:51+00:00,1505315141075755013,sholz poor russian boy sent fightthos boy bomb citi shoot civilian kill kid rape pillagedo remind boy year agopoor guy freez decid burn peoplerussianukrainianwar shameoncollabor,meganis1248,177,25,-1,177,25
2022-03-19 22:45:54+00:00,1505314648014221314,russian attack ukrainian base mykolaiv kill dozen  faceofwar ğŸ‡ºğŸ‡¦ğŸ”¥ğŸ‡·ğŸ‡ºrussiansukraineï¸ russia ukrainerussianwar russianukrainianwar mykolaiv,Writer_Ajit111,136,13,-1,136,13
2022-03-19 22:45:37+00:00,1505314578145718272,sholz putin blameactu trueyou merkel macron blame eitheryouv support psycho yearsyou still financ himand still humili ukrain lack support attituderussianukrainianwar shameoncollabor,meganis1248,181,21,0,181,21
2022-03-19 22:44:55+00:00,1505314401754263558,putin continu destroy kharkivstandwithukraineï¸ ukraineunderattack russiainvadedukrain terrorussia putinisawarcrimin stopputin russianukrainianwar russiagohom Ğ½ĞµÑ‚Ğ²Ğ¾Ğ¹Ğ½Ğµ Ñ€Ğ¾ÑÑĞ¸ÑÑĞ¼Ğ¾Ñ‚Ñ€Ğ¸ ,FelixZeFabCat,180,13,-1,180,13
2022-03-19 22:44:14+00:00,1505314229557026822,putin continu destroy kharkivstandwithukraineï¸ ukraineunderattack russiainvadedukrain terrorussia putinisawarcrimin stopputin russianukrainianwar russiagohom Ğ½ĞµÑ‚Ğ²Ğ¾Ğ¹Ğ½Ğµ Ñ€Ğ¾ÑÑĞ¸ÑÑĞ¼Ğ¾Ñ‚Ñ€Ğ¸ ,olex_scherba,180,13,-1,180,13
2022-03-19 22:44:11+00:00,1505314219394220039,ukrainerussianwar russia ukrainewar russianukrainianwar ukrainewar la guerr en ukrain fait augment les prix du carbur de la nourritur et des transportsun ouragan de faim et un effondr du systÃ¨m alimentair mondial doit Ãªtre Ã©vitÃ©,FreeFrance,228,34,0,228,34
2022-03-19 22:44:04+00:00,1505314188520210432,war evil justic caus won't justic patriot caus won't patriot morewar ukrainewar ukrainerussianwar ukraineï¸ russianukrainianwar russia russiaukrain stopthewar,snipercie,157,18,-1,157,18
2022-03-19 22:43:42+00:00,1505314097109213188,ğŸ‘ bond human anim profoundğŸ‘ukrain russianukrainianwar pet ,pdjmoo,58,7,0,58,7
2022-03-19 22:43:35+00:00,1505314067682013186,russianasset mtg foxnewsfascistpropaganda trump russianukrainianwar ,boomer_sa,68,5,0,68,5
2022-03-19 22:42:21+00:00,1505313757412610058,european seen us war iraq war oilhow see germani franc practic support russia exchang oil gasrussianukrainianwar shameoncollabor,meganis1248,128,17,0,128,17
2022-03-19 22:41:58+00:00,1505313660264235010,main thing new report ministri defens russian federationrussiaukraineconflict russianukrainianwar ukrainerussianwar russia kiev ukrain kyiv mauripol  kharkiv  kharkov  nikolaev ,EliasMezaCota,177,18,1,177,18
2022-03-19 22:40:31+00:00,1505313296718651394,hesit sad despair share sometim least arrog twitter without fear retali govt sad russianukrainianwarrussia russian,TotallyNormal13,114,15,-1,114,15
2022-03-19 22:40:13+00:00,1505313220294324225,germani franc sabotag eu sanction russia delay loophol advis compani leav russiaif that collabor enemi whatrussianukrainianwar shameoncollabor,meganis1248,142,17,0,142,17
2022-03-19 22:38:48+00:00,1505312861349945346,è¿™å°±æ˜¯ä½ ä»¬æ”¯æŒçš„ä¹Œå…‹å…°ï¼Ÿabcchines usachinatalk voachina doublestandard russianukrainianwar ,behrman914,79,5,0,79,5
2022-03-19 22:38:32+00:00,1505312797638504448,germani moral problem send weapon ukrain final bare manag send helmet  year old junkthey problem sell weapon russia russianukrainianwar shameoncollabor,meganis1248,151,20,1,151,20
2022-03-19 22:37:58+00:00,1505312653245239296,pope get upset watch russianukrainianwar russiaukraineconflict russiainvadedukrain putinwarcrim putin putinwarcrimin ukrainerussiawar ,SteveKaye,134,11,0,134,11
2022-03-19 22:37:50+00:00,1505312621037240327,Ø§ÙˆÙƒØ±Ø§Ù†ÙŠØ§ russianukrainianwar ,nornnna,29,2,0,29,2
2022-03-19 22:36:55+00:00,1505312390858092561,ukrainerussianwar russia ukrainewar russianukrainianwar ukrainewar kharkiv donbass velyka danylivka prÃ¨s de kharkov prÃ¨s une nuit de combat   ,FreeFrance,142,17,0,142,17
2022-03-19 22:33:53+00:00,1505311626211307521,ukrainerussianwar russia ukrainewar russianukrainianwar ukrainewar kyiv kiev dan la rÃ©gion de zaporozhy les forc ukrainienn ont attaquÃ© une colonn militair russ environ  militair et plusieur vÃ©hicul blindÃ© ont Ã©tÃ© Ã©liminÃ©  ,FreeFrance,223,30,0,223,30
2022-03-19 22:33:48+00:00,1505311603217997827,standard deceit accus other blame result russianukrainianwar russiaukraineconflict russiainvadedukrain putinwarcrim putin putinwarcrimin ukrainerussiawar ,SteveKaye,154,13,0,154,13
2022-03-19 22:32:29+00:00,1505311272119713800,Ø¬Ø«Ø« Ø§Ù„Ø¬Ù†ÙˆØ¯ Ø§Ù„Ø±ÙˆØ³ ØªÙ…Ù„Ø£ Ø§Ù„Ø£Ø±Ø¶ Ø¨Ø¹Ø¯ ÙƒÙ…ÙŠÙ† Ù†ØµØ¨Ù‡ Ø§Ù„Ø¬ÙŠØ´ Ø§Ù„Ø£ÙˆÙƒØ±Ø§Ù†ÙŠØ¨Ø¯ÙƒÙ… Ø§Ù„ÙÙŠØ¯ÙŠÙˆ Ø§Ø¨Ø¹ØªÙˆÙ„ÙŠ Ø¹ Ø§Ù„Ø®Ø§ØµØ§ÙˆÙƒØ±Ø§Ù†ÙŠØ§ russianukrainianwar,nornnna,113,15,0,113,15
2022-03-19 22:31:50+00:00,1505311107908481024,lib keep give away irrespons ineffect tax cut money could use build sovereign wealth fund could use don't know nation disast mayb insid auspol climatecrisi  russianukrainianwar,Metaporia,176,26,0,176,26
2022-03-19 22:30:23+00:00,1505310745554206727,russianukrainianwar standwithukraineï¸ ,b8fks,38,2,0,38,2
2022-03-19 22:30:23+00:00,1505310743213723648,madmen mutuallyassuereddestruct putinswarontheworld trumpisarussianasset foxnew russianukrainianwar ,boomer_sa,100,6,0,100,6
2022-03-19 22:29:32+00:00,1505310531187462144,imagin wife daughter relat  face war horribl crime human russianukrainianwar russiaukraineconflict russiainvadedukrain putinwarcrim putin putinwarcrimin ukrainerussiawar ,SteveKaye,170,16,0,170,16
2022-03-19 22:27:49+00:00,1505310096858832897,russianukrainianwar russiaukraineconflict russiainvadedukrain putinwarcrim putin putinwarcrimin ukrainerussiawar ,SteveKaye,113,7,0,113,7
2022-03-19 22:27:19+00:00,1505309971117854721,russianukrainianwar russiaukraineconflict russiainvadedukrain putinwarcrim putin putinwarcrimin ukrainerussiawar ,SteveKaye,113,7,0,113,7
2022-03-19 22:27:05+00:00,1505309913316159489,russianukrainianwar pretti much say ,VekiB71,36,4,1,36,4
2022-03-19 22:27:03+00:00,1505309904625704964,went anoth store today anoth network didn't see hunger everyth ukrainian want deceiv said go look hunger ğŸ˜‚ russia supermarket propaganda ukrain russianukrainianwar Ñ€Ğ¾ÑÑĞ¸Ñ ÑÑƒĞ¿ĞµÑ€Ğ¼Ğ°Ñ€ĞºĞµÑ‚ ,MoscowMichail,183,25,-1,183,25
2022-03-19 22:26:54+00:00,1505309866789076992,war crime like unit survivor fight even harder russianukrainianwar russiaukraineconflict russiainvadedukrain putinwarcrim putin putinwarcrimin ukrainerussiawar ,SteveKaye,160,15,-1,160,15
2022-03-19 22:25:59+00:00,1505309637410627589,russianukrainianwar unnecessari warjew galatian greek belong europ need leav,id_cline,76,9,0,76,9
2022-03-19 22:24:38+00:00,1505309299068874756,new barbar realiti  russianukrainianwar ,RussiaVsWorld_,40,4,1,40,4
2022-03-19 22:24:33+00:00,1505309278013255682,russianukrainianwar russiaukraineconflict russiainvadedukrain putinwarcrim putin putinwarcrimin ukrainerussiawar ,SteveKaye,113,7,0,113,7
2022-03-19 22:22:40+00:00,1505308800902963205,ukrainerussianwar russia ukrainewar russianukrainianwar ukrainewar kyiv kiev pose cafÃ© pour les soldat ukrainien entr deux embuscad  ,FreeFrance,133,16,0,133,16
2022-03-19 22:19:27+00:00,1505307994451431425,russianarmi you'r fight â€œnazisâ€ ukrain you'r kill pregnant mother babi lay arm stop particip illeg war ukrain russianukrainianwar ,mattpope384,130,18,1,130,18
2022-03-19 22:18:50+00:00,1505307839476158464,heyi either need shell schedul closetheskyoverukrain ukrain stopwar russianukrainianwar ,OksanaMuliar,88,9,0,88,9
2022-03-19 22:16:47+00:00,1505307322859462657,hyperson missil speed  mph accuraci depend use chanc hit nato countri high outcomerussianukrainianwar unitedn usa putinhitl zelenksi ,bshorhozer,133,17,1,133,17
2022-03-19 22:13:22+00:00,1505306462741950467,putin speak event front banner read world withoutğŸ‘‘naz russianukrainianwar abt antih movement americafirst sexist racist proslaveryconserv christian pro whitesupremacywhiteprivileg ,xAsianXGirlx,180,19,0,180,19
2022-03-19 22:13:16+00:00,1505306438394019840,good expaml doubl standard hypocricyrussia ukrain russianukrainianwarukrainerussianwar,kumahabariyako,86,7,1,86,7
2022-03-19 22:12:12+00:00,1505306168280989697,ukrainerussianwar russia ukrainewar russianukrainianwar ukrainewar kyiv kiev une escarmouch cÃ´tÃ© ukrainien  ,FreeFrance,108,11,0,108,11
2022-03-19 22:11:43+00:00,1505306046981496832,love ukrain  famili daughter mom grandma life ukrainian languagei wanna live freedom motherland ğŸ‡ºğŸ‡¦  saveukrain russianukrainianwar russianaggress russiansgohom,loveorhatenata,159,18,1,159,18
2022-03-19 22:10:59+00:00,1505305862637826048,laviat russeğŸ‡·ğŸ‡º montrÃ© le boulon aux dÃ©fenseur nazi dodessaun tell chose nest possibl quavec une suprÃ©mati aÃ©rienn total guerreukrain russi russianukrainianwar ,bella3ciao,159,21,0,159,21
2022-03-19 22:08:21+00:00,1505305199317065742,today dialogu btw russia embassi twitter user brought legogroup ğŸ‡ºğŸ‡¦ tractor digitaldiplomaci standwithukrain russianukrainianwar ,Ilan_Manor,128,14,0,128,14
2022-03-19 22:06:36+00:00,1505304757908668417,art humil america fuell war russianukrainianwar ,AnnuKaushik253,48,6,0,48,6
2022-03-19 22:05:44+00:00,1505304542472146945,russiainvadedukrain russianukrainianwar russiaukraineconflict ukrainewar ukrainerussianwar ,UkrainRussia22,91,5,0,91,5
2022-03-19 22:04:20+00:00,1505304188334624774,nytim map show accur develop donba russiaukrainewar report interview amp social media comment ukrainerussia ukrainerussiawar russia ukrainerussianwar ukrainewar russianukrainianwar ,I_Katchanovski,181,19,1,181,19
2022-03-19 22:00:35+00:00,1505303244431630341,rememb use ukrain distract tho lie  year new narrat believ ukrainerussianwar seemsthey tell truth russianukrainianwar propaganda liesanddeceit  biolabsinukrain bioweapon ,Richard53028862,170,19,1,170,19
2022-03-19 22:00:20+00:00,1505303184150982657,ğŸ‡·ğŸ‡ºğŸ‡ºğŸ‡¦âš¡ï¸mariupol street street fightingukrain mariupol russianukrainianwar russian ,Ishha14,81,7,0,81,7
2022-03-19 22:00:01+00:00,1505303103985311744,Ø¨Ø±ÙŠØ·Ø§Ù†ÙŠ Ù‚Ø§ØªÙ„ Ø¨Ù€ Ø£ÙˆÙƒØ±Ø§Ù†ÙŠØ§ ÙŠØ¹ÙˆØ¯ Ø¨Ø¹Ø¯  Ø£ÙŠØ§Ù… Ù…Ø§ Ø§Ù„Ù‚ØµØ©ØŸØ±Ø§Ø¨Ø· Ø§Ù„ØªÙ‚Ø±ÙŠØ±  Ø¹ÙŠÙ†ÙƒØ¹Ù„Ù‰Ø§Ù„Ø¹Ø§Ù„Ù…Ø§Ù„Ø­Ø±Ø¨Ø§Ù„Ø£ÙˆÙƒØ±Ø§Ù†ÙŠØ©Ø§Ù„Ø±ÙˆØ³ÙŠØ©russianukrainianwarrussiaukraineconflict ,alain_4u,139,11,0,139,11
2022-03-19 22:00:01+00:00,1505303101451890688,theatr mariupol bomb ukrainerussiawar russianukrainianwar ukraineunderattack ,Ukraine_WarVids,77,6,0,77,6
2022-03-19 21:58:03+00:00,1505302607006355456,honesti hope russia ukrain would stop pointless depress war ukrain russianukrainianwar prayforukrain russiaukraineconflict helpukrain ,MelSpyRose1,134,14,-1,134,14
2022-03-19 21:55:22+00:00,1505301930968772608,real beukraina russianukrainianwar ,vinaytiwari9697,35,3,1,35,3
2022-03-19 21:54:57+00:00,1505301826228264963,makichuck nato us delic balanc act ukrain nato clark russianukrainianwar ukrain,WSOnlineNews,79,11,0,79,11
2022-03-19 21:54:43+00:00,1505301767507963904,makichuck nato us delic balanc act ukrain nato clark russianukrainianwar ukrain,Nobby7694,79,11,0,79,11
2022-03-19 21:54:04+00:00,1505301605708705797,zefer cÃ¼sse ile deÄŸil cesaret ile kazanÄ±lÄ±rputin zelenski zelenskiy russianukrainianwar ukrania ukrainerussiawar ukrain russianarmi russian ,Ahmet197474,140,15,0,140,15
2022-03-19 21:53:38+00:00,1505301496119762946,keep hear russian mother rise protest death soldier son russianukrainianwar sorri ask russian father  must griev,desole,112,16,0,112,16
2022-03-19 21:53:27+00:00,1505301448028004357,Ñ‚ĞµĞ¿ĞµÑ€ Ğ´Ğ¾Ğ±Ñ€Ğ¸Ğ¹ Ñ€Ğ°Ğ½Ğ¾Ğº  Ñ†Ğµ Ñ‚Ğ¾Ğ¹ ÑĞºĞ¸Ğ¹ Ğ¿Ğ¾Ñ‡Ğ¸Ğ½Ğ°Ñ”Ñ‚ÑŒÑÑ Ğ· Ğ½Ğ¾Ğ²Ğ¸Ğ½ Ğ¿Ñ€Ğ¾ Ğ¼ĞµÑ€Ñ‚Ğ²Ñƒ Ñ€ÑƒÑĞ½Ñukrian russianukrainianwar,li_li_la,94,13,0,94,13
2022-03-19 21:53:02+00:00,1505301343191412740,Ñ–Ñ€Ğ¿Ñ–Ğ½ÑŒ Ñ†Ğ¸Ğ²Ñ–Ğ»ÑŒĞ½Ñ– Ğ½Ğ°Ğ¼Ğ°Ğ³Ğ°Ğ»Ğ¸ÑÑ Ğ²Ñ€ÑÑ‚ÑƒĞ²Ğ°Ñ‚Ğ¸ÑÑ Ğ²Ñ–Ğ´ Ğ²Ğ±Ğ¸Ğ²Ñ†ÑŒ Ñ€Ğ¾ÑÑ–Ğ¹ÑÑŒĞºĞ¾Ñ— Ğ°Ñ€Ğ¼Ñ–Ñ— putinwarcrimin putinswar putinmustdi ukraineï¸ russia russianukrainianwar irpin civilian tri escap killer russian armi ,yadrobotun,185,21,0,185,21
2022-03-19 21:52:52+00:00,1505301305165856776,ukrainerussianwar russia ukrainewar russianukrainianwar ukrainewar kyiv kiev soldat tchÃ©tchÃ¨nes des forc russ inspect un dÃ©pÃ´t de munit ukrainien abandonnÃ© dan la vill de tokmak ,FreeFrance,178,24,0,178,24
2022-03-19 21:51:10+00:00,1505300877334175762,chernihiv aimless artilleri shell continu residenti neighborhood dozen civilian kill includ children womenukrian russianukrainianwar,hand_SSU,132,14,0,132,14
2022-03-19 21:50:05+00:00,1505300600870760449,word us mean noth taiwan prepar fight war given ineffect un see russianukrainianwar everi countri must learn amp prepar ,akashsarkar00,120,19,-1,120,19
2022-03-19 21:48:07+00:00,1505300107469619202,question didnt botox headğŸ™„ğŸ™„botox russiainvadedukrain putin putinwarcrimin ukrain ukrainerussianwar russia russianukrainianwar ,HaveSomeFaith10,126,11,0,126,11
2022-03-19 21:46:31+00:00,1505299705693155333,ukrainerussianwar russia ukrainewar russianukrainianwar ukrainewar kyiv kiev dÃ©bris dun missil tochka u supposÃ© ukrainien abattu audessus du port de berdiansk par les forc russ ,FreeFrance,177,24,0,177,24
2022-03-19 21:45:04+00:00,1505299340885168131,sound explos today could defin well whether someth explod air defens work destroy target earli morn work air forc undoubt russianukrainianwar  standwithukrain  stopputinnow  ukrain odesa,UkrainianMavka,186,25,1,186,25
2022-03-19 21:42:53+00:00,1505298788813979649,ukrainian  millon de desplazado standwithukraineï¸ ukraineunderattack russiainvadedukrain putinisawarcrimin stopputin russianukrainianwar Ğ½ĞµÑ‚Ğ²Ğ¾Ğ¹Ğ½Ğµ Ñ€Ğ¾ÑÑĞ¸ÑÑĞ¼Ğ¾Ñ‚Ñ€Ğ¸ Ğ±ĞµĞ»Ğ°Ñ€ÑƒÑÑŒ ,parrietarex,168,13,0,168,13
2022-03-19 21:42:11+00:00,1505298613664202752,ukrainerussianwar russia ukrainewar russianukrainianwar ukrainewar kyiv kiev lanceur ukrainien de missil balistiqu tochkau en action contr des posit russ ,FreeFrance,154,19,1,154,19
2022-03-19 21:39:59+00:00,1505298062876581888,russian secur servic warn danger ukrainian naval mine drift toward bosphorusrussia ukrain russiaukrain russianukrainianwar russianukrainewar russiaukrain ukrainewar ukrainerussianwar ukrainerussia,jouhinanewssy,196,19,0,196,19
2022-03-19 21:39:21+00:00,1505297901555097605,professor john mearsheim crisi ukrain  via youtub twittercommunityyoutubeukrainerussianukrainianwarneonazinato,Juzly,110,8,0,110,8
2022-03-19 21:39:15+00:00,1505297875210670081, warplan target ukrainian arm depot use vikhr system russia ukrain russiaukrain russianukrainianwar russianukrainewar russiaukrain ukrainerussianwar ukrainerussia ,khalediskef,163,16,0,163,16
2022-03-19 21:39:04+00:00,1505297831740903424, must watchralph schoenman under polit  corpor fascist turn west neocon plagu led russianukrainianwarrussiaukraineï¸join dotsğŸ‘ğŸ‘ğŸ‘,McfalljJohn,127,14,0,127,14
2022-03-19 21:38:41+00:00,1505297732436692996,ukrainerussianwar russia ukrainewar russianukrainianwar ukrainewar kyiv kiev lanceur  multibarillet mlra russ tirant des roquett multibariqu contr des cibl ukrainienn ,FreeFrance,167,19,0,167,19
2022-03-19 21:38:08+00:00,1505297594494332928,russian secur servic warn danger ukrainian naval mine drift toward bosphorusrussia ukrain russiaukrain russianukrainianwar russianukrainewar russiaukrain ukrainerussianwar ukrainerussia,khalediskef,185,18,0,185,18
2022-03-19 21:36:21+00:00,1505297146680995840,trumprussia russianukrainianwar putinspuppet ,susiesandb,45,3,0,45,3
2022-03-19 21:34:40+00:00,1505296722280386560,what realli happen ukraineukrain russianukrainianwar vladimirputin ukrainerussianwar ukraineconflict  putin nato,Eucalyptus4Sale,112,10,0,112,10
2022-03-19 21:33:54+00:00,1505296530814963714, dragonbal dragonballz dragonballsup vegeta goku anim sketch dccomic shib shibarmi btc bitcoin ukrainerussiawar russianukrainianwar ukrian istandwithrussia standwithukraineï¸ ukraineunderattaÑk  ,DragonBallTee,194,18,0,194,18
2022-03-19 21:31:45+00:00,1505295989607124992,chechen unit russian arm forc inspect larg ammunit depot arm forc ukrain left without fight citi tokmak zaporozhy regionĞ²Ñ Ñ€Ñ„ russianukrainianwar ukrain putinhitl trumpisarussianasset ,Protest_Live,184,24,0,184,24
2022-03-19 21:30:56+00:00,1505295782194421764,welikeduel quindi frequent pacifici nazisti iaponomarenko russianukrainianwar naziukrain ,leomau17,89,8,1,89,8
2022-03-19 21:30:38+00:00,1505295709444386817,major yevgeni lysenko  aviat brigad ukrainan air forc nutral air air combact youknowwho russianukrainianwar russiaukrainewar russiaukraineconflict russiaukrainecrisi ,iamavikjordan,166,17,1,166,17
2022-03-19 21:27:27+00:00,1505294906880843782, visual confirm russia deploy thermobar munit ukrain see  launch unguid rocket thermobar ammunit target ukrain rocket launcher mount chassi  ,mohamejjjj,141,19,0,141,19
2022-03-19 21:27:13+00:00,1505294849703964674,circul video show transfer addit zrk patriot batteri germani slovakia strengthen eastern flank natorussia ukrain russiaukrain russianukrainianwar russianukrainewar russiaukrain ukrainerussianwar ukrainerussia ,khalediskef,209,21,0,209,21
2022-03-19 21:27:06+00:00,1505294818574016512,ukrainian command communic center destroy russian drone attack note center middl dens forest even escap watch eye dronesrussian russianukrainianwar ukraineï¸ ,mohamejjjj,157,20,-1,157,20
2022-03-19 21:26:59+00:00,1505294789440577538,ukrainian soldier nick name  dementor demon red nutral youknowwho russianukrainianwar russiaukrainewar russiaukraineconflict russiaukrainecrisi ,iamavikjordan,144,13,0,144,13
2022-03-19 21:25:46+00:00,1505294481989451784,stream provid creat onlin tv player peopl affect russia war ukraineukrain ukrainerussia ukraineconflict ukraineunderattack ukrainerussiawar cybersecur russianukrainianwar stopwarinukrain nowar,SilvestriP,192,19,0,192,19
2022-03-19 21:25:00+00:00,1505294288544059394,war thought think whether russian armi tankheavi term way tank could support relat size armi case made chart made ukraineï¸ ukrainerussianwar russianukrainianwar   ğŸ§µ ,raguileramx,165,23,0,165,23
2022-03-19 21:22:53+00:00,1505293755674472450,ÑĞ¾Ğ»Ğ¸ÑÑ‚ Ğ³Ñ€ÑƒĞ¿Ğ¿Ñ‹ Ğ±ÑƒĞ¼Ğ±Ğ¾ĞºÑ Ğ°Ğ½Ğ´Ñ€ĞµĞ¹ Ñ…Ğ»Ğ¸Ğ²Ğ½ÑĞº Ğ¾Ğ¿ÑƒĞ±Ğ»Ğ¸ĞºĞ¾Ğ²Ğ°Ğ» Ğ½Ğ¾Ğ²Ğ¾Ğµ Ğ²Ğ¸Ğ´ĞµĞ¾ Ğ½Ğ° Ğ»Ğ¸Ñ‡Ğ½Ğ¾Ğ¹ ÑÑ‚Ñ€Ğ°Ğ½Ğ¸Ñ†Ğµ Ğ² Ğ½ĞµĞ¼ Ğ¾Ğ½ Ğ¿Ñ€Ğ¾ÑĞ¸Ñ‚ Ñ€ÑƒÑÑĞºĞ¸Ñ… Ğ²Ğ¾ĞµĞ½Ğ½Ñ‹Ñ… Ğ¾Ğ´ÑƒĞ¼Ğ°Ñ‚ÑŒÑÑ russianukrainianwar,NextaUa,141,19,0,141,19
2022-03-19 21:21:05+00:00,1505293305067696128,well done anonim  hero virtual world dont stop  bravo anonim kremlinrussia russia russianukrainianwar ukrainerussianwar thewhitehous ukrainewar nato unitedn unitedwithukrain   ,mikesummers_oz,176,19,0,176,19
2022-03-19 21:20:41+00:00,1505293205105004559,ukrainerussiawar ukrainerussianwar ukraineï¸ ukrainewar ukrainerussia russianukrainianwar russian russianinvas azov fals flag ukr azov battalion weve wait forc usnato militari action wwiii sourc chronicl conflict ,JoeRhio,212,24,1,212,24
2022-03-19 21:19:07+00:00,1505292811381317633,you'r one mani ignor amp uneducatedâ€¦ ukrainian will fight til death stop putin putinwarcrimin russianukrainianwar russia ,Big_Poppyy,121,16,0,121,16
2022-03-19 21:19:00+00:00,1505292778355392514,vladimir galinkov pack belong evacu damag apart residenti build hit intercept missilereutersthoma peterukrain ukrainewar ukraineunderattack stopwar ukrainerussiawar ukraineinvas russianukrainianwar ,PeterBrandt007,198,19,0,198,19
2022-03-19 21:17:29+00:00,1505292399391944704,russiainvadedukrain putinisawarcrimin russianukrainianwar putin bigger monster hitler way caus massiv devast ukrain near flatten citi like mariupol world helpless stop tyrant bloodsh,amitkumarz,182,22,1,182,22
2022-03-19 21:16:10+00:00,1505292067001360388,saintzorton  misinform everywher problem interpret  russia must stop ukrain must given everi possibl advantag beat democraci countri  russia kill women children  endputin russianukrainianwar,rustypipeman13,190,23,0,190,23
2022-03-19 21:14:58+00:00,1505291764021702657,mani model rais ukrain rothschild protect ukrain three potenti model plan exploit russianukrainianwar russiaukraineconflict ,Shannon76250057,124,14,0,124,14
2022-03-19 21:14:51+00:00,1505291734569299968,belarusian railway worker today sabotag railway line lead ukrain make imposs russian resuppli trainukrain ukrainewar ukraineunderattack stopwar ukrainerussiawar ukraineinvas russianukrainianwar ,PeterBrandt007,194,20,0,194,20
2022-03-19 21:14:35+00:00,1505291670832746503,nestl nestl sponsor russianukrainianwar ,gos_dep1,40,4,0,40,4
2022-03-19 21:13:22+00:00,1505291362291249152, warn  million kid flee ukrain risk traffick ,FiyyazAhmed_06,45,7,0,45,7
2022-03-19 21:12:32+00:00,1505291152748171264,ukraynalÄ± Ã§iftÃ§ilerin elin geÃ§inceÃ¶ncesi sonrasÄ±ğŸ˜‚ğŸ˜‚ğŸ˜‚ğŸ˜‚ğŸ˜‚kyiv ukrain ukraina russianukrainianwar ukrainerussianwar russia russian kiev ,osarikaya01,131,12,0,131,12
2022-03-19 21:12:25+00:00,1505291123975196676,io il sabato fascista non esist putin come scusa meme russianukrainianwar putin ucraina stoprussia ,AlessioPia2,99,14,0,99,14
2022-03-19 21:10:58+00:00,1505290757002993667,ukrainerussiawar ukrainerussianwar ukraineï¸ ukrainewar ukrainerussia russianukrainianwar russian russianinvas  translat file load use cell tran nazi azov threaten kill ukr nation guard soldier withdrew encircl citi mariupol ,JoeRhio,224,26,0,224,26
2022-03-19 21:10:39+00:00,1505290680561647618,ukrain notsosecret weapon russia armi volunt suppli front  nation    ukrain ukrainewar ukraineunderattack stopwar ukrainerussiawar ukraineinvas russianukrainianwar,PeterBrandt007,163,16,0,163,16
2022-03-19 21:10:05+00:00,1505290537863028737,russian bomb kharkov particular khtaz rogan region addit saltovka north velikayadanilovkarussia ukrain russiaukrain russianukrainianwar russianukrainewar russiaukrain ukrainerussianwar ukrainerussia ,khalediskef,199,18,1,199,18
2022-03-19 21:09:58+00:00,1505290507118854151,also mistak blame west humili west drop bomb russia russia drop bomb ukrain tragic consequ war russianukrainianwar russiainvadedukrain  ukrainewar ,anionscop,147,19,-1,147,19
2022-03-19 21:09:32+00:00,1505290397605498880,us target abramovich plane  other russia export violat  ukrain ukrainewar ukraineunderattack stopwar ukrainerussiawar ukraineinvas russianukrainianwar,PeterBrandt007,150,15,0,150,15
2022-03-19 21:09:12+00:00,1505290313362857984,ukraineï¸ type selfi time ğŸ¤³ russian zil suppli truck destroy somewher ukraineburn babi burn ğŸ‘€ğŸ‘€ğŸ‘€russiainvadedukrain russia russianukrainianwar ukraineï¸ ,HaveSomeFaith10,150,18,-1,150,18
2022-03-19 21:09:03+00:00,1505290274410487811,peopl actual believ there ongo battl russia ukraineâ€¦if russia want take ukrain would daysâ€¦wak upâ€¦russianukrainianwar,QPR1980,116,15,0,116,15
2022-03-19 21:08:31+00:00,1505290141656625158,Ğ¿Ñ€Ğ°Ğ²Ğ¾ÑĞµĞºĞ¸ Ğ¸ Ğ²ÑÑƒ Ğ·Ğ°Ğ¶Ğ¸Ğ³Ğ°ÑÑ‚  russianukrainianwar ,666_mancer,46,5,0,46,5
2022-03-19 21:07:24+00:00,1505289859417600000,ukrain call china condemn â€œrussian barbarismâ€ support â€œcivilis countri coalitionâ€russianukrainianwar countri creat  ball call china ancient civil join civil coalit ukraineï¸ nato keep war,imaxxs,186,24,0,186,24
2022-03-19 21:07:09+00:00,1505289798831026176,retweet zelenskyyua vs kremlinrussia    combat decid sovereignti russianukrainianwar  warinukrain,dylanjvogtman,97,9,0,97,9
2022-03-19 21:06:03+00:00,1505289521042186243,russianukrainianwar russiaukrain ukraynarusya ÅŸu anda kharkova saldÄ±rÄ±lar ,Journalistcnyt,74,7,0,74,7
2022-03-19 21:05:56+00:00,1505289490545397762,gassmangassmann chissÃ  come risponderÃ  matteosalvinimi all minacc della russia al nostro paeseâ€¦ scommetto che il suo prossimo cinguettio sarÃ  su immigrati e fregnacc vari russianukrainianwar salvini eliovito,capalbo_rino,207,27,0,207,27
2022-03-19 21:05:54+00:00,1505289483905736704,fight poverti econom terror cyber secur administr corrupt climat chang etcthen provid develop life whole world citizen  centuri russianukrainianwar   unit nationsğŸ™ğŸ™ğŸ™ğŸŒ·ğŸŒ·ğŸŒ·,sanjay_K9586,168,21,-1,168,21
2022-03-19 21:05:50+00:00,1505289468793671681,here  word explor russian invas pivot moment put us beforeandaft spot histori russianukrainianwar russia ukrain bbcworld,LVRenoan,120,16,0,120,16
2022-03-19 21:04:46+00:00,1505289197099302915,uncensor ukraineth result shell russian occup armi residenti area chernihivrussianukrainianwarstoprussianaggress stopputin stoprussia slavaukrain stopthewar ,UkrainePressOrg,157,14,0,157,14
2022-03-19 21:04:19+00:00,1505289083442151430,mariopol citi russia invas ğŸ˜”ğŸ˜” russianukrainianwar putinhitl ,Emilylewis_87,60,7,0,60,7
2022-03-19 21:03:08+00:00,1505288787642834949,mykolaiv block russia advanc west along blacksea coast weeksther also report russian reconnaiss team sent locat militari target attack found thereâ€”bbcnewsrussianukrainianwar ukranianrussianwarukrain ğŸ‡ºğŸ‡¦,KamauNews,201,23,0,201,23
2022-03-19 21:02:37+00:00,1505288658617712640,russiaukrain war moscow propos  ban foreign compani dont return may   ukrain ukrainewar ukraineunderattack stopwar ukrainerussiawar ukraineinvas russianukrainianwar,PeterBrandt007,164,17,-1,164,17
2022-03-19 21:01:17+00:00,1505288320653447182,Ñ…Ñ€Ğ¾Ğ½Ğ¸ĞºĞ° Ğ²Ğ¾Ğ¹Ğ½Ğ° Ğ½Ğ° ÑƒĞºÑ€Ğ°Ğ¸Ğ½Ğµ  Ğ½Ğ°  Ğ¾Ğ±ÑÑ‚Ğ°Ğ½Ğ¾Ğ²ĞºĞ° Ğ½Ğ° Ñ„Ñ€Ğ¾Ğ½Ñ‚Ğµ Ğ½Ğ¸ĞºĞ¾Ğ»Ğ°ĞµĞ² ĞºÑƒÑ€Ğ°Ñ…Ğ¾Ğ²Ğ¾ Ğ»Ğ¸ÑĞ¸Ñ‡Ğ°Ğ½ÑĞºÑÑ€Ğ¸Ğ¹Ğ¿Ğ¾Ğ´Ğ¾Ğ»ÑĞºĞ°  Ğ²Ğ¾Ğ¹Ğ½Ğ°Ğ½Ğ°Ğ´Ğ¾Ğ½Ğ±Ğ°ÑÑĞµ Ğ´Ğ½Ñ€ Ğ»Ğ½Ñ€ ÑƒĞºÑ€Ğ°Ğ¸Ğ½Ğ° Ğ²ÑÑƒ Ñ€Ğ¾ÑÑĞ¸Ñ Ğ²ÑÑ€Ğ¾ÑÑĞ¸Ğ¸ Ğ²ĞºÑÑ€Ğ¾ÑÑĞ¸Ğ¸ Ğ¾Ğ¿ĞµÑ€Ğ°Ñ†Ğ¸Ñz Ñ€Ğ¾ÑÑĞ¸Ğ¹ÑĞºĞ¾ÑƒĞºÑ€Ğ°Ğ¸Ğ½ÑĞºĞ°ÑĞ²Ğ¾Ğ¹Ğ½Ğ° russianukrainianwar   ,krymchanin32,211,22,0,211,22
2022-03-19 21:00:00+00:00,1505287998488805376,russian armi posit near kharkiv came ukrainian artilleri fire ukrainerussiawar ukrainerussianwar ukraineunderattack russianukrainianwar ,Ukraine_WarVids,136,13,1,136,13
2022-03-19 20:59:43+00:00,1505287926581714949,Ñ‰Ğµ Ğ¾Ğ´Ğ¸Ğ½ Ğ³Ñ€Ğ°Ñ„Ñ–Ğº Ğ¼Ğ¾Ğ¶Ğ»Ğ¸Ğ²Ğ¾ Ğ²Ñ–Ğ½ Ğ½Ğµ Ğ·Ğ¾Ğ²ÑÑ–Ğ¼ Ğ¿Ğ¾ĞºĞ°Ğ·Ğ¾Ğ²Ğ¸Ğ¹ ÑÑ‚Ğ¾ÑĞ¾Ğ²Ğ½Ğ¾ Ğ²Ñ‚Ñ€Ğ°Ñ‚ Ğ°Ğ»Ğµ Ğ´ĞµĞ¼Ğ¾Ğ½ÑÑ‚Ñ€ÑƒÑ” Ğ¾Ğ´Ğ½Ğµ ÑƒĞºÑ€Ğ°Ñ—Ğ½ÑÑŒĞºĞ° Ğ°Ñ€Ğ¼Ñ–Ñ Ñ†Ñ–Ğ»ĞµÑĞ¿Ñ€ÑĞ¼Ğ¾Ğ²Ğ°Ğ½Ğ¾ Ğ½Ğ¸Ñ‰Ğ¸Ñ‚ÑŒ ĞºĞ¾Ğ»Ğ¾Ğ½Ğ¸ Ğ· Ğ¿Ğ¾ÑÑ‚Ğ°Ñ‡Ğ°Ğ½Ğ½ÑĞ¼ Ñ– Ñ€Ğ¾Ğ±Ğ¸Ñ‚ÑŒ Ñ†Ğµ Ğ²ĞµĞ»ÑŒĞ¼Ğ¸ ÑƒÑĞ¿Ñ–ÑˆĞ½Ğ¾ Ğ¿Ğ¾Ñ‚ĞµÑ€ÑŒĞ½ĞµÑ‚ russianukrainianwar ,AndriySukharyna,199,27,0,199,27
2022-03-19 20:57:43+00:00,1505287426088239105, updat russian northernukrain posit accord ukrainian intelukrainewar  ukrainerussiawar ukrainerussianwar  russianukrainianwar  russianinvas russia ukrain,DefensePolitics,153,13,0,153,13
2022-03-19 20:57:41+00:00,1505287414838931457,ukrainerussiawar ukrainerussianwar ukraineï¸ ukrainewar ukrainerussia russianukrainianwar russian russianinvas azov step back ur emot relax put ur object critic think cap  lara logan newsdocumentari emmi winner,JoeRhio,209,25,0,209,25
2022-03-19 20:57:15+00:00,1505287307921866755,russia strike ukrain new hyperson missil here workukrain ukrainerussia ukraineconflict ukraineunderattack ukrainerussiawar cybersecur russianukrainianwar stopwarinukrain nowar,SilvestriP,175,16,1,175,16
2022-03-19 20:56:33+00:00,1505287130679234560, voznesensk secur ukrainian forc captur snihurivkaukrainewar  ukrainerussiawar ukrainerussianwar  russianukrainianwar  russianinvas russia ukrain,DefensePolitics,145,12,0,145,12
2022-03-19 20:55:55+00:00,1505286972973084675,whole world dire wait russia accidentali nato countri near ukrain russia russianukrainianwar ukrain,tweetrindia,99,13,1,99,13
2022-03-19 20:55:07+00:00,1505286768127614977,uncensor ukrainether casualtiessaid putinth truth differ dead transport kharkiv regionrussianukrainianwarstoprussianaggress stopputin stoprussia slavaukrain stopthewar ,UkrainePressOrg,168,14,-1,168,14
2022-03-19 20:53:59+00:00,1505286484676341762,ukrainian ballet star artem datsyshyn die shell kyiv â€“ deadlin  ukrain ukrainewar ukraineunderattack stopwar ukrainerussiawar ukraineinvas russianukrainianwar,PeterBrandt007,158,17,0,158,17
2022-03-19 20:53:26+00:00,1505286347015299078,ğŸ‡ºğŸ‡¦ vs ğŸ‡·ğŸ‡º russianukrainianwar    ukrainerussianwar      ukraineunderattaÑk ,CopperBronzed,74,6,0,74,6
2022-03-19 20:53:25+00:00,1505286342812790784,russianukrainianwar,7um__,19,1,0,19,1
2022-03-19 20:53:21+00:00,1505286325976842240,thisputinwarcrimin putinhitl putinisawarcrimin putinwarcrim russianukrainianwar russiaukrain ,Jay09716890,93,6,0,93,6
2022-03-19 20:53:02+00:00,1505286244519104513,ÑÑŒĞ¾Ğ³Ğ¾Ğ´Ğ½Ñ– Ñ‡Ğ¸Ñ‚Ğ°Ğ² Ğ½Ğ¾Ğ²Ğ¸Ğ½Ğ¸ Ğ² Ñ”Ğ²Ñ€Ğ¾Ğ¿Ñ– Ğ´Ğ¾  Ğ»ÑÑ‚Ğ¾Ğ³Ğ¾ Ñ…Ğ¾Ñ‚Ñ–Ğ² Ğ¿Ñ€Ğ¾ÑÑ‚Ğ¾ Ğ¿ĞµÑ€ĞµĞ²Ñ–Ñ€Ğ¸Ñ‚Ğ¸ ÑĞºĞ° Ğ±ÑƒĞ»Ğ° ÑĞ¸Ñ‚ÑƒĞ°Ñ†Ñ–Ñ Ñ– ÑĞºÑ– Ğ´ÑƒĞ¼ĞºĞ¸ Ğ±ÑƒĞ»Ğ¸ Ğ² Ñ”Ğ²Ñ€Ğ¾Ğ¿Ñ– Ğ´Ğ¾ ÑĞ°Ğ¼Ğ¾Ğ³Ğ¾ Ğ²Ñ‚Ğ¾Ñ€Ğ³Ğ½ĞµĞ½Ğ½Ñ Ñ– Ğ¾Ñ‚Ğ¶Ğµ Ñ‚Ñ€ĞµĞ´ ĞºĞ¾Ñ€Ğ¾Ñ‚ĞºĞ¾Ğ³Ğ¾ Ñ‚Ğ° Ğ¿Ğ¾Ğ¿ĞµÑ€ĞµĞ´Ğ½ÑŒĞ¾Ğ³Ğ¾ Ğ¾Ğ³Ğ»ÑĞ´Ñƒ Ñ”Ğ²Ñ€Ğ¾Ğ¿Ğ¸ Ğ¿ĞµÑ€ĞµĞ´ Ğ²Ñ–Ğ¹Ğ½Ğ¾Ñ Ñ”Ğ²Ñ€Ğ¾Ğ¿Ğ° Ğ¼ĞµĞ´Ñ–Ğ°Ñ–ÑÑ‚Ğ¾Ñ€Ñ–Ñ Ñ€Ğ¾ÑÑ–Ñ russianukrainianwar ÑƒĞºÑ€Ğ°Ñ—Ğ½Ğ°,radio_elijah,249,37,0,249,37
2022-03-19 20:49:47+00:00,1505285427338616836,armi zelenski ukraineï¸ stopputin  russianukrainianwar ukraineunderattack ,NewsUkraine2,73,6,0,73,6
2022-03-19 20:46:55+00:00,1505284708237811722,putinwarcrimin russianukrainianwar ,b8fks,35,2,0,35,2
2022-03-19 20:46:27+00:00,1505284590482739216,uncensor ukrainein donetsk luhansk direct unit forc fighter inflict loss russian occupiersrussianukrainianwarstoprussianaggress stopputin stoprussia slavaukrain stopthewar ,UkrainePressOrg,172,16,1,172,16
2022-03-19 20:46:19+00:00,1505284555145723906,ukrainianbreakingnewsit look like stori might entir true therefor delet tweet nowkiev kyiv russia ukrain ukrainerussiawar russianukrainianwar ,Ukrbreakingnews,142,16,1,142,16
2022-03-19 20:46:00+00:00,1505284474413588481,subscrib find happen world  bank fintech payment busi money blockchain altcoin cryptocurr russianukrainianwar moreâ€¦ ,StanleyEpstein,116,14,0,116,14
2022-03-19 20:45:39+00:00,1505284388241784843,Ø§Ù„Ù…Ø¶Ø­Ùƒ Ø§Ù„Ù…Ø¨ÙƒÙŠØ§Ù„Ø¢Ù„Ø© Ø§Ù„Ø§Ø¹Ù„Ø§Ù…ÙŠØ© Ø§Ù„Ø±ÙˆØ³ÙŠØ© Ø§Ù„ÙƒØ§Ø°Ø¨Ø© ØªØ¯Ø¹ÙŠ Ø£Ù† Ø³ÙƒØ§Ù† Ø£ÙˆØ¯ÙŠØ³Ø§ ÙŠØ®ØªØ¨Ø¦ÙˆÙ† ÙÙŠ Ù…Ø±Ø§ÙƒØ² Ø§Ù„Ù…ØªØ±Ùˆ ÙˆØ£Ù‡Ù„ Ø£ÙˆØ¯ÙŠØ³Ø§ Ù…Ø³ØªØºØ±Ø¨ÙˆÙ† Ø£Ù† Ù„Ø¯ÙŠÙ‡Ù… Ù…ØªØ±Ùˆ ÙˆÙ„Ù… ÙŠØ¨Ù„ØºÙ‡Ù… Ø¹Ù†Ù‡ Ø£Ø­Ø¯ standwithukrainerussianukrainianwar ,rima_allaham123,179,24,0,179,24
2022-03-19 20:44:35+00:00,1505284119139344394, Â° day di russianukrainianwar oltr jacob fantaamici interfiorentina cagliarimilan tempo pervolevo guidar lenterpris kirk Ã¨ arrivato primamatsuteiaadel rossgrati con kindleunlimit ,wordsandmore1,179,20,0,179,20
2022-03-19 20:43:46+00:00,1505283914880933896, Â° day di russianukrainianwar oltr jacob fantaamici interfiorentina cagliarimilan tempo perâ†’ il  marzo  presso il teatro metastasio di prato nellambito di metjazz  appuntamento con la follia dei generi â€“ john de leo jazzab ,wordsandmore1,223,33,0,223,33
2022-03-19 20:43:10+00:00,1505283764582293508,il mitraglier ucraino di prima se lÃ¨ cavata con una leggera ferita alla mano il suo giorno fortunato ğŸ˜® russianukrainianwar ,LoScomodo_,123,20,0,123,20
2022-03-19 20:42:33+00:00,1505283607157686273,beton Ğ±ĞµÑ‚Ğ¾Ğ½  kyiv call endors clash modernnavi theclash defencehq standwithukrain russianinvas russianukrainianwar ,ModernNavy,115,12,0,115,12
2022-03-19 20:42:12+00:00,1505283519441944578, Â° day di russianukrainianwar oltr jacob fantaamici interfiorentina cagliarimilan tempo perâ†’ la migross supermercati asiago hockey supera   trasferta wipptal bronco vipitenotw asiagohockeysrl  ,wordsandmore1,193,22,0,193,22
2022-03-19 20:42:00+00:00,1505283467470413827,ukrainerussiawar ukrainerussianwar ukraineï¸ ukrainewar ukrainerussia russianukrainianwar russian russianinvas azov stop track utmost particular tri avoid captur sbu android  cell wnot use vpn gps tip,JoeRhio,199,24,1,199,24
2022-03-19 20:41:36+00:00,1505283367893409799,ÑƒĞºÑ€Ğ°Ñ—Ğ½ÑÑŒĞºÑ– Ğ¿Ñ€Ğ¾Ğ´ÑÑĞµÑ€Ğ¸ ÑÑ‚Ğ²Ğ¾Ñ€Ğ¸Ğ»Ğ¸ Ğ¾Ğ±'Ñ”Ğ´Ğ½Ğ°Ğ½Ğ½Ñ Ğ´Ğ»Ñ Ğ·Ğ¹Ğ¾Ğ¼Ğ¾Ğº Ğ´Ğ¾ĞºÑƒĞ¼ĞµĞ½Ñ‚Ğ°Ğ»ÑŒĞ½Ğ¸Ñ… Ğ¿Ñ€Ğ¾Ñ”ĞºÑ‚Ñ–Ğ² Ğ¿Ñ€Ğ¾ Ñ€Ğ¾ÑÑ–Ğ¹ÑÑŒĞºÑƒ Ğ²Ñ–Ğ¹ÑÑŒĞºĞ¾Ğ²Ñƒ Ğ°Ğ³Ñ€ĞµÑÑ–Ñ Ğ¿Ñ€Ğ¾Ñ‚Ğ¸ ÑƒĞºÑ€Ğ°Ñ—Ğ½Ğ¸ standwithukrain ukrain russianukrainianwar russianwarcrim documentari filmmak,FilmInstituteUA,199,20,0,199,20
2022-03-19 20:41:15+00:00,1505283279313784832,new way deliv milk ukrainian farmer work new realitiesrussiainvadedukrain russianukrainianwar russianarmi ukraineunderattack ,sirajnoorani,125,12,1,125,12
2022-03-19 20:40:44+00:00,1505283151395885057,nato need destroy terribl weapon caus mass casualti stopputinnowstandwithukrain ğŸ‡ºğŸ‡¸ğŸ‡ªğŸ‡ºğŸ‡ºğŸ‡¦ retweetukrain ukrainewar ukrainerussiawar ukrainerussia stoprussia russianukrainianwar russia russiaukrain ukraineunderattack stopputin ,wagedemocracy,223,20,-1,223,20
2022-03-19 20:40:17+00:00,1505283034995728384,uncensor ukrainemariupul todayth result shell russian occup armi residenti area mariupolrussianukrainianwarstoprussianaggress stopputin stoprussia slavaukrain stopthewar ,UkrainePressOrg,170,15,0,170,15
2022-03-19 20:40:10+00:00,1505283007179067397,linsofferenza deg ucraini sotto linvasion il nervosismo dei soldati russi melitopol nel contener le protest russianukrainianwar ,LoScomodo_,128,16,0,128,16
2022-03-19 20:40:06+00:00,1505282989265231875,karadeniz rus filosu komutan yardÄ±mcÄ±sÄ±  derec kaptan andrey pali gÃ¼ney cephesindeki Ã§atÄ±ÅŸmalarda Ã¶ldÃ¼rÃ¼ldÃ¼kyiv ukrain ukraina russianukrainianwar ukrainerussianwar russia russian kiev ,osarikaya01,185,20,0,185,20
2022-03-19 20:40:00+00:00,1505282964606754817,lavrov ukrayna'nÄ±n politikasÄ±nÄ± ciddiy almam zorsergeylavrov lavrov rusya tÃ¼rkiy nato zelenski russianukrainianwar rusyaukrayna putin sondakika zelenskiy ,peyamakurd,154,16,0,154,16
2022-03-19 20:37:14+00:00,1505282268050436096,come russianukrainianwar presid presxijinp kremlinrussia puttin pleas dont speak plan relat know born spi,MathivhaDakaloo,105,14,0,105,14
2022-03-19 20:36:07+00:00,1505281988374278149,access ukrain eu exacerb pain ukrainian world danger nuclear radiat conflict escal wmds interest bring peac world ukrainerussianwar  russia russianukrainianwar russiainvadedukrain âœŒï¸ğŸ•Šï¸,GlobalWideViews,184,22,0,184,22
2022-03-19 20:35:17+00:00,1505281777442643973,russia need bestop ukrain alreadythreaten bosnia amp herzegovina poland moldova lithuania china decid stick beast get taiwan return first nuclear world warrussianukrainianwar,onestbusiness,174,22,1,174,22
2022-03-19 20:34:39+00:00,1505281621192237057,putin next ukrain nightmar sanction hell come russia   ukrain ukrainewar ukraineunderattack stopwar ukrainerussiawar ukraineinvas russianukrainianwar,PeterBrandt007,149,15,0,149,15
2022-03-19 20:32:21+00:00,1505281038523764745,danielmgmoylan borisjohnson im rent van deliv vital suppli brexit freedom fightersi need piesmor piesal  pint lagerveri loos fit jog bottomsand brainsrussianukrainianwar ,ToriesAreBent,170,21,1,170,21
2022-03-19 20:31:16+00:00,1505280766997155841,invad russia troop deport mariupol resid russia forc breakingnew ukrainewar mariuopol nazirussia russianukrainianwar russianwarcrim ukrain russianfiltrationcamp southend knutsford southsea  ,IndMediaGroup,190,19,0,190,19
2022-03-19 20:30:30+00:00,1505280576319893505,perchÃ© russi hanno chiamato lintervento dei ceceni per dare la caccia al battaglion azov cosÃ¬ğŸ‘‡russianukrainianwar ,LoScomodo_,114,15,0,114,15
2022-03-19 20:30:29+00:00,1505280569965522951,le dÃ©but des dÃ©portat Ã  mariupol ukrainerussiawarrussianukrainianwar ,_Olrik_,69,7,0,69,7
2022-03-19 20:30:00+00:00,1505280447936274433,ÙˆØ§Ø´Ù†Ø·Ù† ØªÙƒØ´Ù Ø¹Ù† Ù…ÙƒØ§ÙØ£Ø© Ù„Ù…Ù† ÙŠØ³Ù„Ù… Ù…Ù…ØªÙ„ÙƒØ§Øª Ø£ØµØ¯Ù‚Ø§Ø¡ Ø¨ÙˆØªÙŠÙ†Ø±Ø§Ø¨Ø· Ø§Ù„ØªÙ‚Ø±ÙŠØ±  Ø¹ÙŠÙ†ÙƒØ¹Ù„Ù‰Ø§Ù„Ø¹Ø§Ù„Ù…Ø§Ù„Ø­Ø±Ø¨Ø§Ù„Ø£ÙˆÙƒØ±Ø§Ù†ÙŠØ©Ø§Ù„Ø±ÙˆØ³ÙŠØ©russianukrainianwarrussiaukraineconflict ,alain_4u,141,11,0,141,11
2022-03-19 20:28:55+00:00,1505280177567416323,well first glanc Ğ±oÑi  compar russianukrainianwar brexit obvious word delud selfabsorb egotist nutter actual might someth continu,AKondakor,129,17,1,129,17
2022-03-19 20:27:54+00:00,1505279919298854915,russian celebr march  pleas dont stop hate russian heart soul russianukrainianwar stoprussia boycottrussia ,a1ntme,107,13,-1,107,13
2022-03-19 20:27:45+00:00,1505279881705234434,commit war crime like increas resist ukrain russianukrainianwar russiaukraineconflict russiainvadedukrain putinwarcrim putin putinwarcrimin ukrainerussiawar ,SteveKaye,157,14,0,157,14
2022-03-19 20:26:59+00:00,1505279690839310337,Ğ½Ğ°Ñ†Ğ¸ÑÑ‚Ñ‹ Ñƒ Ğ½Ğ¸Ñ… ÑĞºĞ°Ğ·Ğ°Ğ» Ñ€Ğ¾Ğ³Ğ¾Ğ·Ğ¸Ğ½ putinwarcrimin ukrainian russianukrainianwar ,JDeltoro12,74,8,0,74,8
2022-03-19 20:26:52+00:00,1505279659403010052,incursion di elicottero  russi sullaeroporto antonov zona di hostomel dopo aver individuato e colpito alcuni obbiettivi atterra un campo russianukrainianwar ,LoScomodo_,157,20,0,157,20
2022-03-19 20:26:47+00:00,1505279641241763844,video clear show devast mariupol ukrainerussianukrainianwar fckptn supportukrain ,BeholdTheBunny,81,8,1,81,8
2022-03-19 20:26:44+00:00,1505279625567645696,marioepol mariupolstad van marianoemden griekendez plaatswoest kozakkenhuisden ernu pakkenmannen uit moskoumaria blauwen zij verkleuren datmet rood en rouwrussianukrainianwarukrian,RoversKees,180,18,0,180,18
2022-03-19 20:26:43+00:00,1505279624355459073,ukrainian border guard present  silver piec ambassador belarus russia use belarus territori base aggress today ambassador left ukrain  belarus armi join invas russianukrainianwar supportukrain closetheski stoprussia ,RussiaVsWorld_,216,26,-1,216,26
2022-03-19 20:26:33+00:00,1505279582437625856,uncensor ukraineaft massiv russia rocket attack mani place kharkiv burnspictur  min old russianukrainianwarstoprussianaggress stopputin stoprussia slavaukrain stopthewar ,UkrainePressOrg,170,17,1,170,17
2022-03-19 20:26:31+00:00,1505279574015418369,ukrain neutral possibl wo either credibl deterr defeat chang russia noth chang russianukrainianwar reignit russia point russia problem,JuliaK_Ukraine,134,18,0,134,18
2022-03-19 20:26:13+00:00,1505279498811547653,wowputinwarcrimin putinhitl russianukrainianwar courag ,mg_yates,55,4,0,55,4
2022-03-19 20:25:40+00:00,1505279359434862607,cannot listen one side propaganda without listen side propaganda justic russianukrainianwar,HassSamm,91,11,-1,91,11
2022-03-19 20:25:23+00:00,1505279285451538440,papafrancesco si Ã¨ recato al bambino gesÃ¹ per visitar il reparto dove si trovano  bambini ricoverati arrivati dall'ucraina questi ultimi giorni ukrainerussiawar ukrainewar ukrain wwiii ukraineunderattack russianukrainianwar ,FraLauricella,224,27,0,224,27
2022-03-19 20:24:33+00:00,1505279076046680065,â€¼ï¸que maravilla ğŸ‘ğŸ‘ğŸ‘esto cosmonauta russia llegaron la estaciÃ³n espaci internacion eei con traje con franja azul de la bandera ukain ğŸ‡ºğŸ‡¦russianukrainianwar âœ”via  ,JavierApophis,160,22,0,160,22
2022-03-19 20:23:34+00:00,1505278831363432455,world war includ everyon russianukrainianwar russiaukraineconflict russiainvadedukrain putinwarcrim putin putinwarcrimin ukrainerussiawar ,SteveKaye,138,11,0,138,11
2022-03-19 20:23:33+00:00,1505278826045136896,â›”ğŸ’”ğŸ’”ğŸ‘‡ğŸ’”ğŸ’”â›”ğŸ’”ğŸ’”â›”â›”â›”â›”russianukrainianwar ukrain  ukrainerussiawar,MERYEL15033918,57,3,0,57,3
2022-03-19 20:22:57+00:00,1505278673276252160,explain ukrain war could benefit china read full articl ukrainekrieg russianukrainianwar kharkiv ukrain ukrainerussiawar ukrainerussiacrisi,iSourabhk,139,15,1,139,15
2022-03-19 20:22:53+00:00,1505278657018880008,mariupol russianukrainianwar ,Mikesw1234,29,2,0,29,2
2022-03-19 20:22:41+00:00,1505278609900023810,explain ukrain war could benefit china read full articl ukrainekrieg russianukrainianwar kharkiv ukrain ukrainerussiawar ukrainerussiacrisi,AsianaTimes,139,15,1,139,15
2022-03-19 20:22:16+00:00,1505278502811189258,kremlinrussia ha giÃ  perso la guerra ancora non se ne sono resi contoucrainarussianukrainianwarrussia,cecco1976,101,13,0,101,13
2022-03-19 20:22:10+00:00,1505278476647079943,russianukrainianwar ,irishforisrael1,20,1,0,20,1
2022-03-19 20:22:03+00:00,1505278449216372741,briser la glace ğŸ¦ russianukrainianwar ,yoav,38,5,0,38,5
2022-03-19 20:21:41+00:00,1505278354609553418,Ñ‡ÑƒĞ² Ğ´Ğ·Ğ²Ñ–Ğ½ Ñ‚Ğ° Ğ½Ğµ Ğ·Ğ½Ğ°Ñ” Ğ´Ğµ Ğ²Ñ–Ğ½ğŸ¥¹putinwarcrimin Ğ¿Ğ¾Ñ‚ĞµÑ€ÑŒĞ½ĞµÑ‚ standwithukrian stopwar russianukrainianwar nowar ÑƒĞºÑ€Ğ°Ñ—Ğ½Ğ°Ğ¿ĞµÑ€ĞµĞ¼Ğ¾Ğ¶Ğµ ÑƒĞºÑ€Ğ°Ñ—Ğ½Ğ° Ğ³ÑƒĞ¼Ğ¾Ñ€ ,FloreskulSergei,133,15,0,133,15
2022-03-19 20:21:26+00:00,1505278292844290050,russianukrainianwar ,irishforisrael1,20,1,0,20,1
2022-03-19 20:21:19+00:00,1505278265455431685,pleas pay attent post want clarifi fals statement found last timestandwithukraineï¸ internationallegion slavaukraini stopputinnow ukraineï¸ russianukrainianwar ,Int_Legion_UA,158,16,0,158,16
2022-03-19 20:20:56+00:00,1505278169087053824,comparison militari forc russia ukraineread full articl ukrainekrieg russianukrainianwar kharkiv ukrain ukrainerussiawar ukrainerussiacrisi,AsianaTimes,139,13,1,139,13
2022-03-19 20:20:20+00:00,1505278014644695040,comparison militari forc russia ukraineread full articl ukrainekrieg russianukrainianwar kharkiv ukrain ukrainerussiawar ukrainerussiacrisi,iSourabhk,139,13,1,139,13
2022-03-19 20:20:07+00:00,1505277963604004864,result two missil strike zaporizhzhia region  peopl kill one repres state emerg servic among deadstandwithukrain russianukrainianwar ukrainerussiawar russiainvadedukrain ukraineunderattack ,trendyrang,189,19,0,189,19
2022-03-19 20:19:57+00:00,1505277921283522563,ukrainian say putin fatal mistak send slave â€œliberateâ€ free peoplestandwithukraineï¸ ukraineunderattack russiainvadedukrain terrorussia putinisawarcrimin stopputin russianukrainianwar russiagohom Ğ½ĞµÑ‚Ğ²Ğ¾Ğ¹Ğ½Ğµ russianarmedforc Ñ€Ğ¾ÑÑĞ¸ÑÑĞ¼Ğ¾Ñ‚Ñ€Ğ¸ ,olex_scherba,234,20,1,234,20
2022-03-19 20:19:54+00:00,1505277906179796993,italia la politica Ã¨ tutta chiacchier e distintivo appena putin chiuderÃ  rubinetti del gas e scoppierÃ  una rivolta vedret come scapperanno da loro stessicontrocorrent inondaguerinirussianukrainianwar,Ninah04282351,199,25,0,199,25
2022-03-19 20:19:52+00:00,1505277897392758800,guerra situaÃ§Ã£o militar lest ukrain  frent de donba  em  de marÃ§o  guerraucrania russianukrainianwar ,oalfarrabista,101,13,0,101,13
2022-03-19 20:19:35+00:00,1505277827184218114,cina russia insiemebiden scricchiola occhi sbarrati studiocontrocorrent russianukrainianwar,Maryljacb,91,8,0,91,8
2022-03-19 20:19:32+00:00,1505277814676901890,video putin manipolato cÃ¨ lo stesso pubblico del  ukraineï¸ ukraineunderattack russianukrainianwar ,GazzettaDelSud,98,11,0,98,11
2022-03-19 20:19:28+00:00,1505277798017118210,donaldtuskepp piti putinswar obvious help bori johnson stay power russianukrainianwar mani disastr consequ besid unbeliev suffer ukrainian peopl,martinruff1,144,18,0,144,18
2022-03-19 20:18:56+00:00,1505277666005434370,russianukrainianwar russiaukraineconflict russiainvadedukrain putinwarcrim putin putinwarcrimin ukrainerussiawar ,SteveKaye,113,7,0,113,7
2022-03-19 20:18:01+00:00,1505277432156274690,russia use hyperson missil destroy ukrainian militari asset mark first time moscow acknowledg use type weapon combatrussianukrainianwar ,EpochTimesCan,136,17,1,136,17
2022-03-19 20:17:13+00:00,1505277232180338711,still think putin russia equival xx centuri urss final prevail russianukrainianwar  think twiceğŸ‘‡ğŸ½ğŸ‘‡ğŸ½ğŸ‘‡ğŸ½ğŸ‘‡ğŸ½ğŸ‘‡ğŸ½ğŸ‘‡ğŸ½ğŸ‘‡ğŸ½ğŸ‘‡ğŸ½ğŸ‘‡ğŸ½ğŸ‘‡ğŸ½ ,DarkZeratul,116,13,0,116,13
2022-03-19 20:17:06+00:00,1505277203566796803,translat haitian creol kyiv independ ukrain  citizen live mariupol alleg forc move russia ukrainerussianwar continu russiainvadedukrain russianukrainianwar haitiancreol  ,CreoleTranslate,170,18,1,170,18
2022-03-19 20:16:05+00:00,1505276946942509057,le armi occidentali usat dag ucraini javelin russianukrainianwar ,LoScomodo_,65,8,0,65,8
2022-03-19 20:15:53+00:00,1505276895268466688,would fox news busi prais osama bin laden  foxnewsfascistpropaganda foxnewshatesamerica foxnew foxnew russianukrainianwar russiaukraineconflict russiainvadedukrain putinwarcrim putin putinwarcrimin ukrainerussiawar ,SteveKaye,215,19,0,215,19
2022-03-19 20:14:09+00:00,1505276459711176707,russian armi huge troubl invas continu come attack weapon like â€œshoot fish barrelâ€ come mind russia russianukrainianwar ,JustTintage,120,17,1,120,17
2022-03-19 20:13:35+00:00,1505276318534885376,real courag russianukrainianwar russiaukraineconflict russiainvadedukrain putinwarcrim putin putinwarcrimin ukrainerussiawar ,SteveKaye,125,9,1,125,9
2022-03-19 20:13:10+00:00,1505276212972769283,russianukrainianwar ,irishforisrael1,20,1,0,20,1
2022-03-19 20:12:54+00:00,1505276145608110080,russiainvadedukrain russianukrainianwar ukrain russia must deal american direct n stop beat ukrain real war let deal american nato nation,MathivhaDakaloo,137,19,1,137,19
2022-03-19 20:12:49+00:00,1505276124758163458,Ğ´Ğ¾ ÑƒĞ²Ğ°Ğ³Ğ¸ Ğ±Ğ°Ñ‚ÑŒĞºÑ–Ğ² ÑĞºÑ– Ñ‚Ğ¸Ğ¼Ñ‡Ğ°ÑĞ¾Ğ²Ğ¾ Ğ¿ĞµÑ€ĞµÑ—Ñ…Ğ°Ğ»Ğ¸ Ğ· Ğ´Ñ–Ñ‚ÑŒĞ¼Ğ¸ Ğ´Ğ¾ Ğ¾Ğ´ĞµÑĞ¸russianukrainianwar ,OD_Sonya_UA,78,10,0,78,10
2022-03-19 20:12:48+00:00,1505276119792209921,Î· ÎµÎ½Î·Î¼Î­ÏÏ‰ÏƒÎ· ÏƒÏ„Î·Î½ ÎµÎ»Î»Î·Î½Î¹ÎºÎ® Ï„Î·Î»ÎµÏŒÏÎ±ÏƒÎ·russianukrainianwar Î¼Î¼ÎµÎ¾ÎµÏ†Ï„Î¹Î»ÎµÏ‚ ,Left__winger,67,6,0,67,6
2022-03-19 20:12:08+00:00,1505275952275902465,west must normalis relat putin say bori johnson im sure long bori abl go without beg putin oilrussia russianukrainianwar  russiainvadedukrain ukrain russian putinswar putinhitl johnson   ,MikeyMcculloch,187,25,1,187,25
2022-03-19 20:12:07+00:00,1505275947892850690,â€œabbiamo chiuso gli occhi quando hanno avvelenato navalni ammazzato russi che stavano londra la cosa grave Ã¨ che la dipendenza dal gas russo  Ã¨ cresciuta modo abnorm   â€œpierferdinando casini inonda russianukrainianwar russiaukrainecrisi,paoloangeloRF,236,32,0,236,32
2022-03-19 20:11:42+00:00,1505275843303469059,russianukrainianwar russiaukraineconflict russiainvadedukrain putinwarcrim putin putinwarcrimin ukrainerussiawar ,SteveKaye,113,7,0,113,7
2022-03-19 20:11:39+00:00,1505275830590652420,nato russianukrainianwar ,Antonina_m_g,25,2,0,25,2
2022-03-19 20:11:32+00:00,1505275802014920713,russian militari seem show act kind merci toward civiliansrussianukrainianwar ,LeighCBrandt,78,9,1,78,9
2022-03-19 20:11:23+00:00,1505275762840121350,Ğ²Ğ¾Ğ·Ğ´ÑƒÑˆĞ½Ñ‹Ğ¹ Ğ±Ğ¾Ğ¹ Ğ²Ğ¾Ğ·Ğ»Ğµ Ñ‡ĞµÑ€Ğ½Ğ¸Ğ³Ğ¾Ğ²Ğ°nomerci ÑƒĞºÑ€Ğ°Ğ¸Ğ½Ğ°  russianukrainianwar ,Ukrainianwar1,66,6,0,66,6
2022-03-19 20:11:19+00:00,1505275746847272977, kmajchlerz zastanawiam siÄ™ nie wiem co chodzi dlaczego ludziom odjebaÅ‚o na punkci tej wojni czemu dla siebi nie jesteÅ›mi taci mili uczynniwhi russianukrainianwartwÃ³j tweet,Magda930051335,172,24,0,172,24
2022-03-19 20:10:56+00:00,1505275649036062722,possibl technolog dispos still cant locat malaysia airlin flight  russianukrainianwar ,Radebe_Teejay,86,10,0,86,10
2022-03-19 20:10:20+00:00,1505275501643976711, american men invad  countri  year kill  million civilian one call war crimin russianukrainianwar russiainvadedukrain  worldwariii ,qadeer_bhati,131,15,0,131,15
2022-03-19 20:10:19+00:00,1505275497705619461,russia war ukrain driven â€œdevast madnessâ€ switzerland prepar pay price defend freedom democraci swiss presid ignazio cassi said saturday  russianukrainianwar ukraineunderattaÑk ,KyivPost,177,21,0,177,21
2022-03-19 20:10:08+00:00,1505275451626995713,foreign donor clinton foundationÏ‡Î¿ÏÎ·Î³Î¯Î± ÎµÎ»Î»Î¬Î´Î±Ï‚ ÏƒÏ„Î¿ Î¯Î´ÏÏ…Î¼Î± ÎºÎ»Î¯Î½Ï„Î¿Î½Î¼Î·Ï„ÏƒÎ¿Ï„Î±ÎºÎ·Ï‚ Î¼Î¼ÎµÎ¾ÎµÏ†Ï„Î¹Î»ÎµÏ‚ Î¼Î·Ï„ÏƒÎ¿Ï„Î±ÎºÎ· Ï€Î¿Î»ÎµÎ¼Î¿Ï‚ÏƒÏ„Î·Î½Î¿Ï…ÎºÏÎ±Î½Î¹Î± Î¿Ï…ÎºÏÎ±Î½Î¯Î±ukrain ukrainerussianwar russia russianukrainianwar russiaukrain ,AcademicLounge,192,16,-1,192,16
2022-03-19 20:10:02+00:00,1505275424984952833, dragonbal dragonballz dragonballsup vegeta goku anim sketch dccomic shib shibarmi btc bitcoin ukrainerussiawar russianukrainianwar ukrian istandwithrussia standwithukraineï¸ ukraineunderattaÑk  ,DragonBallTee,194,18,0,194,18
2022-03-19 20:09:48+00:00,1505275364565786636,Ğ³ÑƒĞ¼Ğ°Ğ½Ğ¸Ñ‚Ğ°Ñ€Ğ½Ñ‹Ğ¹ Ğ³Ñ€ÑƒĞ· Ğ¾ĞºĞºÑƒĞ¿Ğ°Ğ½Ñ‚Ñ‹ Ñ‚Ğ¾Ğ¶Ğµ Ñ€Ğ°Ğ·Ğ²Ğ¾Ñ€Ğ¾Ğ²Ğ°Ğ»Ğ¸ Ğ¸ Ğ½Ğ°Ñ‡Ğ°Ğ»Ğ¸ Ñ‚Ğ¾Ğ»ĞºĞ°Ñ‚ÑŒ Ğ¿Ğ¾Ğ´ Ğ²Ğ¸Ğ´Ğ¾Ğ¼ Ğ³ÑƒĞ¼Ğ°Ğ½Ğ¸Ñ‚Ğ°Ñ€ĞºĞ¸ Ğ¸Ğ· Ñ€Ğ¾ÑÑĞ¸Ğ¸ Ñ‡Ñ‚Ğ¾Ğ±Ñ‹ ÑĞ¾Ğ·Ğ´Ğ°Ñ‚ÑŒ ĞºĞ°Ñ€Ñ‚Ğ¸Ğ½ĞºÑƒ Ğ´Ğ»Ñ Ğ¿Ñ€Ğ¾Ğ¿Ğ°Ğ³Ğ°Ğ½Ğ´Ğ¸ÑÑ‚ÑĞºĞ¸Ñ… ÑĞ¼Ğ¸â€¼ï¸putinwarcrimin russiainvadedukrain stoprussia russianukrainianwar,numen_echo,208,22,0,208,22
2022-03-19 20:09:47+00:00,1505275360820305928,hungari budapest russiainvadesukrain russianukrainianwar ,dany19th,57,4,0,57,4
2022-03-19 20:09:31+00:00,1505275293589778440,famous author  book rich dad poor dad robert kiyosaki predict end us dollar usd  said russianukrainianwar  given rise crypto â€œa safer asset govern fake fiat moneyâ€ btc bitcoin cryptocurr crypto,AXE_Finance82,193,30,-1,193,30
2022-03-19 20:09:27+00:00,1505275278700032017,russian report panicbuy amid food shortag concern due ukrain invas russianukrainianwar  ukrainerussianwar ,AmericanNewsFo2,106,12,-1,106,12
2022-03-19 20:09:24+00:00,1505275266863558656,sound good russianukrainianwar russiaukraineconflict russiainvadedukrain putinwarcrim putin putinwarcrimin ukrainerussiawar ,SteveKaye,124,9,1,124,9
2022-03-19 20:09:03+00:00,1505275178443542529,broadcast yesterday putinsnazir moscow russianpropaganda use footag  rallystandwithukraineï¸ ukraineunderattack russiainvadedukrain terrorussia putinisawarcrimin stopputin russianukrainianwar russiagohom Ğ½ĞµÑ‚Ğ²Ğ¾Ğ¹Ğ½Ğµ Ñ€Ğ¾ÑÑĞ¸ÑÑĞ¼Ğ¾Ñ‚Ñ€Ğ¸ ,olex_scherba,225,17,0,225,17
2022-03-19 20:09:03+00:00,1505275175067176963,alreadi offici  neonazi ukraineinsid azov neonazi brigad kill russian general play pr game ukrain war  russiaukrainecrisi russianukrainianwar russian ukrainerussianwar russianukraineconflict ukrain,VesselinPetkov,197,21,-1,197,21
2022-03-19 20:09:00+00:00,1505275164082253829,Ğ¼Ğ¾Ñ ÑƒĞºÑ€Ğ°Ñ—Ğ½Ğ° Ğ·Ğ°Ñ€Ğ°Ğ· Ğ¾Ñ‡Ğ¸Ğ¼Ğ° Ñ–Ñ€Ğ°Ğ½ÑÑŒĞºĞ¾Ğ³Ğ¾ Ñ…ÑƒĞ´Ğ¾Ğ¶Ğ½Ğ¸ĞºĞ° alireza karimi moghaddamrussianukrainianwar standwithukrian ,OD_Sonya_UA,105,10,0,105,10
2022-03-19 20:08:52+00:00,1505275130318147591,it time end russian invas ukrain russiainvadedukrain russianukrainianwar ukraineunderattack zelenskyy genius ,biderman,109,11,0,109,11
2022-03-19 20:08:40+00:00,1505275081609555968,wait trucker convey wast lot gas help increas gas price help russia lot russianukrainianwar russiaukraineconflict russiainvadedukrain putinwarcrim putin putinwarcrimin ukrainerussiawar ,SteveKaye,185,20,0,185,20
2022-03-19 20:08:40+00:00,1505275079567056906,russianukrainianwar russia ukrainerussianwar ,FerLuizaFag,45,3,0,45,3
2022-03-19 20:08:25+00:00,1505275019085049856,swedish  mercinari markus fredriksson survivor  russian attack camp ukranian polish border destert war escap polandrussianukrainianwar russiaukrainewar russiaukraineconflict russiaukrainecrisi ,iamavikjordan,193,18,0,193,18
2022-03-19 20:08:22+00:00,1505275003608182788,guerra suja desumana russianukrainianwar ,josecirilo2,41,4,0,41,4
2022-03-19 20:08:11+00:00,1505274960910196736,accord council mariupol near destroy russian russian soldier forcibl move thousand local russia russian take away passportsphon amp move local far russia far east work updat follow russianukrainianwar anna,KatapultUkraine,205,29,1,205,29
2022-03-19 20:07:26+00:00,1505274768823623682,comienza la informaciÃ³n de rri en castellano segÃºn est medio se estima en mas de  los refugiado en territorio rumano ğŸ‡ºğŸ‡¦ğŸ‡ªğŸ‡¸ğŸ‡·ğŸ‡´russianukrainianwar ucraniarussiaradioaficion hamradio amateurradio radioescucha swl ondacorta shortwav sdrsharp airspi ,eb1tr,243,30,0,243,30
2022-03-19 20:07:11+00:00,1505274706051715076,girl went picket detain manezhnaya squar russia ukraineï¸ russianukrainianwar resist ,TmogTmog,84,10,0,84,10
2022-03-19 20:06:56+00:00,1505274645876027393,ukrainian rescuer ask set fire grass anim suffer ğŸ˜now everyonerussia ukrain ukraineunderattack russianukrainianwar ,PXP_IS_SCAM,115,13,0,115,13
2022-03-19 20:06:25+00:00,1505274512652136453,yes war crimin russianukrainianwar russiaukraineconflict russiainvadedukrain putinwarcrim putin putinwarcrimin ukrainerussiawar ,SteveKaye,128,10,0,128,10
